AFRS,100,51,Intro to Africana Studies,1.0,20,TR,810,885,75,0130PM-0245PM,BH 305,Harriford Diane
AFRS,107,51,Elementary Arabic,1.0,15,MTWR,720,770,50,1200PM-1250PM,CH 116,Mhiri Mootacem
AFRS,107,52,Elementary Arabic,1.0,15,MTWR,570,620,50,0930AM-1020AM,CH 106,Al-Haddad Tagreed
AFRS,168,51,Intro to Af. American Hist,1.0,25,TR,910,985,75,0310PM-0425PM,,Puglisi Allison
AFRS,186,51,On Mattering,0.5,8,R,1110,1230,120,0630PM-0830PM,EH 104,Syedullah Jasmine
AFRS,208,51,Intermediate Arabic,1.0,15,MTWR,720,770,50,1200PM-1250PM,CH 109,Al-Haddad Tagreed
AFRS,210,51,Afrofuturism,1.0,25,TR,630,705,75,1030AM-1145AM,SH 400,Jordon-Conlin Tamyka
AFRS,215,51,Homes Schools Communities,1.0,8,M,910,1030,120,0310PM-0510PM,OB 212,McCloskey Erin
AFRS,221,51,Captiv Gend/Methds of Survival,1.0,20,TR,910,985,75,0310PM-0425PM,OLB 205,Syedullah Jasmine
AFRS,225,51,Prison Lit & Poli Diss-MENA,1.0,15,MR,995,1070,75,0435PM-0550PM,CH 106,Mhiri Mootacem
AFRS,227,51,Harlem Renaissance/Precursors,1.0,22,TR,630,705,75,1030AM-1145AM,RH 301,Dunbar Eve
AFRS,228,51,African American Literature,1.0,22,MW,630,705,75,1030AM-1145AM,DF 310,Simpson Tyrone
AFRS,233,51,Carceral Lit of the Caribbean,1.0,15,MW,780,855,75,0100PM-0215PM,SC 008,Reyes Salas Michael
AFRS,237,51,Gender & Sexuality/African Ame,1.0,25,TR,720,795,75,1200PM-0115PM,SW 201,Puglisi Allison
AFRS,240,51,Atlantic Worlds,1.0,25,TR,540,615,75,0900AM-1015AM,BH 105,Romer Louis
AFRS,245,51,Making Waves:Top in Fem Actvsm,1.0,20,TR,810,885,75,0130PM-0245PM,RH 301,Krell Elena
AFRS,248,51,Racial&Ethnic Grp Pol/Pop Cult,1.0,25,MW,810,885,75,0130PM-0245PM,RH 101,Means Taneisha
AFRS,255,51,Race/Repres/Resist US Schools,1.0,25,TR,630,705,75,1030AM-1145AM,DF 309,Williams Brown Kimberly
AFRS,257,51,Genre & the Postcolonial City,1.0,20,TR,720,795,75,1200PM-0115PM,RH 301,Opondo Samson
AFRS,257,52,Genre & the Postcolonial City,1.0,20,TR,910,985,75,0310PM-0425PM,RH 101,Opondo Samson
AFRS,272,51,Mod African Hst Snc 1800,1.0,25,MW,720,795,75,1200PM-0115PM,SW 101,Rashid Ismail
AFRS,308,51,Upper-Intermediate Arabic,1.0,10,MWF,630,680,50,1030AM-1120AM,CH 123,Al-Haddad Tagreed
AFRS,320,51,Abolitionist Theory,1.0,10,M,910,1090,180,0310PM-0610PM,RH 104,Syedullah Jasmine
AFRS,323,51,Penal Heritage Commemoration,1.0,10,TR,850,925,75,0210PM-0325PM,OLB 314,Reyes Salas Michael
AFRS,366,51,Art and Activism in the U.S.,1.0,12,R,910,1030,120,0310PM-0510PM,T AL4,Collins Lisa
AMST,102,51,Intro to Asian American,1.0,20,TR,810,885,75,0130PM-0245PM,CH LL104,Chin Amy
AMST,160,51,Visual Art and Storytelling,1.0,17,WF,630,705,75,1030AM-1145AM,T 328,Collins Lisa
AMST,203,51,These Amer Lives: New Jourlsms,1.0,21,TR,720,795,75,1200PM-0115PM,RH 310,Kumar Amitava
AMST,241,51,Asian Amer Women & Gender Hist,1.0,25,MW,720,795,75,1200PM-0115PM,SW 201,Shih Ashanti
AMST,248,51,The Book in America,1.0,12,MW,810,885,75,0130PM-0245PM,LI 88,Patkus Ronald
AMST,250,51,Critical Approaches to AMST,1.0,25,MW,720,795,75,1200PM-0115PM,RH 101,Madrigal Raquel
AMST,251,51,Introduction to American Art,1.0,35,WF,810,885,75,0130PM-0245PM,T 206,Culp Caroline
AMST,273,51,Critical Ethnic Studies Curric,1.0,12,W,600,780,180,1000AM-0100PM,OB 212,Hantzopoulos Maria
AMST,313,51,Multidisciplinary Research Met,1.0,15,M,910,1090,180,0310PM-0610PM,RH 101,Madrigal Raquel
AMST,314,51,History/Asian Amer Social Move,1.0,12,T,780,900,120,0100PM-0300PM,RH 201,Shih Ashanti
AMST,329,51,American Literary Realism,1.0,15,W,780,900,120,0100PM-0300PM,RH 301,Graham Wendy
AMST,360,51,Memory Work,1.0,10,R,910,1030,120,0310PM-0510PM,OB 211,Chin Amy
AMST,366,51,Art and Activism in the U.S.,1.0,12,R,910,1030,120,0310PM-0510PM,T AL4,Collins Lisa
ANTH,120,51,The Human Animal,1.0,30,TR,540,615,75,0900AM-1015AM,BH 101,Cofran Zachary
ANTH,120,52,The Human Animal,1.0,30,TR,630,705,75,1030AM-1145AM,BH 101,Rybka Ryan
ANTH,140,51,Cultural Anthropology,1.0,30,MW,810,885,75,0130PM-0245PM,BH 105,Ghosh Kaushik
ANTH,150,51,Linguistics and Anthropology,1.0,30,MW,540,615,75,0900AM-1015AM,KH 217,Romer Louis
ANTH,170,51,Anthropology of Water,1.0,17,TR,540,615,75,0900AM-1015AM,BH 309,Kaplan Martha
ANTH,201,51,Anthropological Theory,1.0,25,MW,630,705,75,1030AM-1145AM,BH 305,Ghosh Kaushik
ANTH,202,51,Anthropological Approaches,0.5,10,W,810,930,120,0130PM-0330PM,BH 309,Kaplan Martha
ANTH,229,51,Skeletal Anatomy,0.5,25,MW,720,795,75,1200PM-0115PM,BH 101,Beisaw April
ANTH,235,51,Historical Archaeology,1.0,25,TR,810,885,75,0130PM-0245PM,BH 101,Rybka Ryan
ANTH,239,51,Forensic Anthropology,0.5,25,MW,720,795,75,1200PM-0115PM,BH 101,Beisaw April
ANTH,240,51,Atlantic Worlds,1.0,25,TR,540,615,75,0900AM-1015AM,BH 105,Romer Louis
ANTH,245,51,Ethnographer's Craft,1.0,25,TR,720,795,75,1200PM-0115PM,BH 309,Chatarpal Mark
ANTH,260,51,Anthropology of Food,1.0,25,TR,630,705,75,1030AM-1145AM,KH 134,Chatarpal Mark
ANTH,288,51,Decolonization & Health Info.,1.0,4,R,900,1020,120,0300PM-0500PM,BH 309,Romer Louis
ANTH,322,51,Human Evolutionary Dev Biology,1.0,15,TR,720,795,75,1200PM-0115PM,BH 101,Cofran Zachary
ANTH,360,51,Planetary Alternatives,1.0,15,T,910,1090,180,0310PM-0610PM,BH 309,Ghosh Kaushik
ANTH,365,51,Imagining Asia,1.0,15,T,1110,1290,180,0630PM-0930PM,BH 101,Kaplan Martha
ART,103,51,Drawing I: Visual Language,1.0,17,MW,585,705,120,0945AM-1145AM,EH STD1,Ruggeri Gina
ART,103,52,Drawing I: Visual Language,1.0,16,TR,585,705,120,0945AM-1145AM,EH STD1,Tenaglia Christina
ART,103,53,Drawing I: Visual Language,1.0,16,TR,780,900,120,0100PM-0300PM,EH STD1,Rajendran Padma
ART,103,54,Drawing I: Visual Language,1.0,17,TR,910,1030,120,0310PM-0510PM,EH STD1,Rajendran Padma
ART,103,55,Drawing I: Visual Language,1.0,16,MW,780,900,120,0100PM-0300PM,EH STD1,Linn Judy
ART,106,51,Intro to Hist of Art/Architect,1.0,15,MWF,720,770,50,1200PM-1250PM,T 102,Elet Yvonne
ART,106,52,Intro to Hist of Art/Architect,1.0,15,MWF,720,770,50,1200PM-1250PM,T 102,Valle Luisa
ART,106,53,Intro to Hist of Art/Architect,1.0,15,MWF,720,770,50,1200PM-1250PM,T 102,Lukacher Brian
ART,106,54,Intro to Hist of Art/Architect,1.0,15,MWF,720,770,50,1200PM-1250PM,T 102,Lukacher Brian
ART,106,55,Intro to Hist of Art/Architect,1.0,15,MWF,720,770,50,1200PM-1250PM,T 102,Xu Jin
ART,106,56,Intro to Hist of Art/Architect,1.0,15,MWF,720,770,50,1200PM-1250PM,T 102,Culp Caroline
ART,106,57,Intro to Hist of Art/Architect,1.0,15,MWF,720,770,50,1200PM-1250PM,T 102,Nesbit Molly
ART,106,58,Intro to Hist of Art/Architect,1.0,15,MWF,720,770,50,1200PM-1250PM,T 102,Lu Haohao
ART,108,51,Color,1.0,14,TR,585,705,120,0945AM-1145AM,EH STD2,Rajendran Padma
ART,144,51,Living in the Ancient City,0.5,25,TR,810,885,75,0130PM-0245PM,T 203,D'Ambra Eve
ART,160,51,Visual Art and Storytelling,1.0,17,WF,630,705,75,1030AM-1145AM,T 328,Collins Lisa
ART,203,51,Painting I,1.0,15,MW,780,900,120,0100PM-0300PM,NH 150,Ruggeri Gina
ART,205,51,Sculpture I,1.0,19,TR,590,710,120,0950AM-1150AM,DS 205,Hall Gordon
ART,209,51,Printmaking: Intaglio,1.0,12,TR,780,900,120,0100PM-0300PM,DS 206,Tenaglia Christina
ART,213,51,Photography II,1.0,12,F,780,1020,240,0100PM-0500PM,NH 132,Linn Judy
ART,217,51,Video Art,1.0,12,MW,590,710,120,0950AM-1150AM,NH 103,Gunnels Abigail
ART,222,51,Digital Art,1.0,12,TR,910,1030,120,0310PM-0510PM,NH 103,Case-Leal James
ART,251,51,Introduction to American Art,1.0,35,WF,810,885,75,0130PM-0245PM,T 206,Culp Caroline
ART,256,51,The Arts of China,1.0,25,TR,1170,1245,75,0730PM-0845PM,T 206,Xu Jin
ART,263,51,Painters of Modern Life,1.0,25,MW,630,705,75,1030AM-1145AM,T 203,Lukacher Brian
ART,268,51,After 1968,1.0,34,MW,810,885,75,0130PM-0245PM,T 203,Nesbit Molly
ART,272,51,Modernity's Global Story/Arch,1.0,35,WF,630,705,75,1030AM-1145AM,T 206,Valle Luisa
ART,274,51,Buildings & Cities Early Italy,1.0,25,TR,810,885,75,0130PM-0245PM,T 206,Elet Yvonne
ART,276,51,Architectural Design II,1.0,24,WF,720,840,120,1200PM-0200PM,NH 103,Armborst Tobias
ART,279,51,Landscape History: Springside,0.5,12,W,780,900,120,0100PM-0300PM,T 205,Elet Yvonne
ART,292,51,Collecting Antiquities @Vassar,1.0,12,T,910,1030,120,0310PM-0510PM,T 328,D'Ambra Eve
ART,303,51,Painting II,1.0,12,MW,590,710,120,0950AM-1150AM,NH 136,Newman Laura
ART,305,51,Sculpture II: Space and Place,1.0,12,TR,780,900,120,0100PM-0300PM,DS 205,Hall Gordon
ART,314,51,Seminar in Ancient Art,1.0,12,R,910,1030,120,0310PM-0510PM,T 205,D'Ambra Eve
ART,318,51,Building the Museum,1.0,12,T,780,900,120,0100PM-0300PM,LA 208,Thurber Timothy
ART,322,51,Digital Art,1.0,12,TR,1050,1170,120,0530PM-0730PM,NH 103,Case-Leal James
ART,323,51,Penal Heritage Commemoration,1.0,10,TR,850,925,75,0210PM-0325PM,OLB 314,Reyes Salas Michael
ART,331,51,Seminar Northern European Art,1.0,12,R,630,750,120,1030AM-1230PM,T 205,Lu Haohao
ART,358,51,Seminar in Asian Art,1.0,12,F,910,1030,120,0310PM-0510PM,T 205,Xu Jin
ART,366,51,Art and Activism in the U.S.,1.0,12,R,910,1030,120,0310PM-0510PM,T AL4,Collins Lisa
ART,382,51,Belle Ribicoff Seminar,0.5,12,F,780,900,120,0100PM-0300PM,T 205,Bell Ribicoff
ART,387,51,American Cityscapes,1.0,12,T,630,750,120,1030AM-1230PM,T 205,Valle Luisa
ASIA,102,51,Intro to Asian American,1.0,20,TR,810,885,75,0130PM-0245PM,CH LL104,Chin Amy
ASIA,106,51,Elementary Korean,1.5,20,MTWRF,570,620,50,0930AM-1020AM,CH 102,Choi SeaHee
ASIA,110,51,Sage Voices from China's Past,1.0,25,WF,810,885,75,0130PM-0245PM,KH 133,Walsh Michael
ASIA,206,51,Intermediate Korean,1.5,20,MTWRF,630,680,50,1030AM-1120AM,CH 109,Choi SeaHee
ASIA,214,51,20th Century Chinese Lit,1.0,17,TR,810,885,75,0130PM-0245PM,DF 310,Liu Haoming
ASIA,216,51,Food Culture Globalization,1.0,20,TR,810,885,75,0130PM-0245PM,KH 131,Moon Seungsook
ASIA,222,51,Narratives of Japan:Fict/Film,1.0,20,MR,910,985,75,0310PM-0425PM,NE 105,Qiu Peipei
ASIA,238,51,Environmental China,1.0,25,MW,630,705,75,1030AM-1145AM,EH 200,Zhou Yu
ASIA,240,51,Atlantic Worlds,1.0,25,TR,540,615,75,0900AM-1015AM,BH 105,Romer Louis
ASIA,241,51,Asian Amer Women & Gender Hist,1.0,25,MW,720,795,75,1200PM-0115PM,SW 201,Shih Ashanti
ASIA,256,51,The Arts of China,1.0,25,TR,1170,1245,75,0730PM-0845PM,T 206,Xu Jin
ASIA,273,51,Critical Ethnic Studies Curric,1.0,12,W,600,780,180,1000AM-0100PM,OB 212,Hantzopoulos Maria
ASIA,275,51,International/Comparative Ed,1.0,20,TR,540,615,75,0900AM-1015AM,KH 132,Bjork Christopher
ASIA,281,51,Life in a Buddhist Monastery,0.5,8,F,630,750,120,1030AM-1230PM,KH 217,Walsh Michael
ASIA,314,51,History/Asian Amer Social Move,1.0,12,T,780,900,120,0100PM-0300PM,RH 201,Shih Ashanti
ASIA,347,51,Asian Sociotechnical Imaginari,1.0,15,W,780,900,120,0100PM-0300PM,RH 201,Coplin Abigail
ASIA,355,51,Politics of Sacred Space,1.0,12,R,780,900,120,0100PM-0300PM,BH 201,Walsh Michael
ASIA,358,51,Seminar in Asian Art,1.0,12,F,910,1030,120,0310PM-0510PM,T 205,Xu Jin
ASIA,363,51,Decolonizing International Rel,1.0,12,T,780,900,120,0100PM-0300PM,RH 112,Muppidi Himadeep
ASIA,365,51,Imagining Asia,1.0,15,T,1110,1290,180,0630PM-0930PM,BH 101,Kaplan Martha
ASIA,370,51,Early Chinese Literature,1.0,10,F,630,810,180,1030AM-0130PM,SC 113,Liu Haoming
ASL,106,51,Beginning American Sign Lang,1.0,20,MTR,995,1070,75,0435PM-0550PM,CH LL103,McLaughlin Mary
ASTR,105,51,Stars/Galaxies/Cosmology,1.0,100,TR,720,795,75,1200PM-0115PM,SC 212,Buie Edward
ASTR,230,51,Planetary/Space Physics,1.0,15,TR,810,885,75,0130PM-0245PM,SP 206,Salyk Colette
ASTR,240,51,Observational Astronomy,1.0,99,TR,910,985,75,0310PM-0425PM,SP 206,Salyk Colette
ASTR,322,51,Galaxies & Galactic Structure,1.0,20,MW,720,795,75,1200PM-0115PM,SP 206,Buie Edward
BIOC,295,50,Protein Crystallography,1.0,6,R,810,1050,240,0130PM-0530PM,BLS 217,McLaughlin Krystle
BIOC,326,51,Biophysical Chemistry,1.0,25,MW,630,705,75,1030AM-1145AM,OLB 205,McLaughlin Krystle
BIOC,356,51,Biochemistry Senior Seminar,1.0,16,TR,630,750,120,1030AM-1230PM,BLS 202,Aitken Colin
BIOL,107,51,Energy Flow Biol Sys,1.0,16,MWF,630,680,50,1030AM-1120AM,RH 200,Gall Megan
BIOL,107,52,Energy Flow Biol Sys,1.0,16,MWF,630,680,50,1030AM-1120AM,RH 200,Gall Megan
BIOL,107,53,Energy Flow Biol Sys,1.0,16,MWF,630,680,50,1030AM-1120AM,RH 200,Gall Megan
BIOL,107,54,Energy Flow Biol Sys,1.0,16,MWF,630,680,50,1030AM-1120AM,RH 200,Gall Megan
BIOL,107,55,Energy Flow Biol Sys,1.0,16,MWF,630,680,50,1030AM-1120AM,RH 200,Gall Megan
BIOL,107,56,Energy Flow Biol Sys,1.0,16,MWF,630,680,50,1030AM-1120AM,RH 200,Gall Megan
BIOL,108,51,Information Flow Biol Sys,1.0,18,MWF,570,620,50,0930AM-1020AM,RH 200,Lampasona Timothy
BIOL,108,52,Information Flow Biol Sys,1.0,18,MWF,570,620,50,0930AM-1020AM,RH 200,Butler Katelyn
BIOL,108,53,Information Flow Biol Sys,1.0,18,MWF,570,620,50,0930AM-1020AM,RH 200,Hughey Myra
BIOL,108,54,Information Flow Biol Sys,1.0,18,MWF,570,620,50,0930AM-1020AM,RH 200,Straus Bill
BIOL,202,51,Plant Physiology/Develop,1.0,16,M,810,1050,240,0130PM-0530PM,OH 152,Pater Dianne
BIOL,205,51,Microbiology,1.0,18,TR,720,795,75,1200PM-0115PM,OH 162,Esteban David
BIOL,205,52,Microbiology,1.0,18,TR,720,795,75,1200PM-0115PM,OH 162,Esteban David
BIOL,217,51,Human Physiology,1.0,18,MW,630,705,75,1030AM-1145AM,OH 162,Duncan Kelli
BIOL,226,51,Animal Structure & Diversity,1.0,18,TR,540,615,75,0900AM-1015AM,OH 266,Touchon Justin
BIOL,226,52,Animal Structure & Diversity,1.0,18,TR,540,615,75,0900AM-1015AM,OH 266,Touchon Justin
BIOL,238,51,Molecular Genetics,1.0,16,TR,630,705,75,1030AM-1145AM,OH 266,Pokrywka Nancy Jo
BIOL,244,51,Genetics and Genomics,1.0,18,TR,540,615,75,0900AM-1015AM,OH 162,Schwarz Jodi
BIOL,246,51,Epidemiology,1.0,16,MW,720,795,75,1200PM-0115PM,BLS 202,Cooper Leroy
BIOL,272,81,Biochemistry,1.0,24,MWF,630,680,50,1030AM-1120AM,BLS 217,Pollet Rebecca
BIOL,272,82,Biochemistry,1.0,24,TR,630,705,75,1030AM-1145AM,BLS 101,Eberhardt Eric
BIOL,272,91,Biochemistry,0.0,16,F,810,1050,240,0130PM-0530PM,BLS 215,Pollet Rebecca
BIOL,272,92,Biochemistry,0.0,16,T,810,1050,240,0130PM-0530PM,BLS 215,Eberhardt Eric
BIOL,272,93,Biochemistry,0.0,16,R,810,1050,240,0130PM-0530PM,BLS 215,Aitken Colin
BIOL,352,51,Conservation & Restoration Eco,1.0,16,TR,630,705,75,1030AM-1145AM,OH 162,Ronsheim Margaret
BIOL,355,51,Rethinking Invasive Species,1.0,12,T,780,900,120,0100PM-0300PM,RH 307,Schniedewind Daniel
BIOL,370,51,Immunology,1.0,16,MW,720,795,75,1200PM-0115PM,RH 212,Straus Bill
BIOL,381,51,Ecosystem Structure & Function,1.0,16,TR,910,985,75,0310PM-0425PM,OH 273,Christenson Lynn
BIOL,387,51,Ecol/Evol of Social Behavior,1.0,18,MW,720,795,75,1200PM-0115PM,OH 162,Lampasona Timothy
BIOL,393,51,Applied Biostatistics,0.5,12,T,810,930,120,0130PM-0330PM,OH 266,Touchon Justin
BIOL,393,53,Creating 3D Biological Models,1.0,8,R,810,930,120,0130PM-0330PM,BLS 202,Pokrywka Nancy Jo
CHEM,125,81,Chemical Principles,1.0,23,MW,720,795,75,1200PM-0115PM,OH 273,Bendavid Leah
CHEM,125,82,Chemical Principles,1.0,23,MWF,570,620,50,0930AM-1020AM,OH 266,Sandusky Peter
CHEM,125,83,Chemical Principles,1.0,23,MWF,630,680,50,1030AM-1120AM,OH 266,Sandusky Peter
CHEM,125,91,Chemical Principles,0.0,16,F,810,1050,240,0130PM-0530PM,BLS 119,Kusmierska-Gomez Anita
CHEM,125,92,Chemical Principles,0.0,16,M,1080,1320,240,0600PM-1000PM,BLS 119,Guglieri Frank
CHEM,125,93,Chemical Principles,0.0,16,M,810,1050,240,0130PM-0530PM,BLS 119,McLaughlin Paul
CHEM,125,94,Chemical Principles,0.0,16,T,810,1050,240,0130PM-0530PM,BLS 119,Appawu Jennifer
CHEM,125,95,Chemical Principles,0.0,16,R,810,1050,240,0130PM-0530PM,BLS 119,Scaduto Anthony
CHEM,245,81,Organic Chemistry/Lab,1.0,30,MWF,510,560,50,0830AM-0920AM,BLS 217,Smart Christopher
CHEM,245,82,Organic Chemistry/Lab,1.0,30,MWF,630,680,50,1030AM-1120AM,NE 206,Howard Evan
CHEM,245,83,Organic Chemistry/Lab,1.0,30,MWF,720,770,50,1200PM-1250PM,NE 206,Howard Evan
CHEM,245,91,Organic Chemistry/Lab,0.0,15,M,1080,1320,240,0600PM-1000PM,BLS 123,O'Young Chi-Lin
CHEM,245,92,Organic Chemistry/Lab,0.0,15,T,810,1050,240,0130PM-0530PM,BLS 123,Roy Glenn
CHEM,245,93,Organic Chemistry/Lab,0.0,15,T,1080,1320,240,0600PM-1000PM,BLS 123,Roy Glenn
CHEM,245,94,Organic Chemistry/Lab,0.0,15,M,810,1050,240,0130PM-0530PM,BLS 123,Appawu Jennifer
CHEM,245,95,Organic Chemistry/Lab,0.0,15,R,810,1050,240,0130PM-0530PM,BLS 123,Snow Roger
CHEM,245,96,Organic Chemistry/Lab,0.0,15,R,1080,1320,240,0600PM-1000PM,BLS 123,Snow Roger
CHEM,245,98,Organic Chemistry/Lab,0.0,15,F,810,1050,240,0130PM-0530PM,BLS 123,Tanski Joseph
CHEM,272,81,Biochemistry,1.0,24,MWF,630,680,50,1030AM-1120AM,BLS 217,Pollet Rebecca
CHEM,272,82,Biochemistry,1.0,24,TR,630,705,75,1030AM-1145AM,BLS 101,Eberhardt Eric
CHEM,272,91,Biochemistry,0.0,16,F,810,1050,240,0130PM-0530PM,BLS 215,Pollet Rebecca
CHEM,272,92,Biochemistry,0.0,16,T,810,1050,240,0130PM-0530PM,BLS 215,Eberhardt Eric
CHEM,272,93,Biochemistry,0.0,16,R,810,1050,240,0130PM-0530PM,BLS 215,Aitken Colin
CHEM,295,50,Protein Crystallography,1.0,6,R,810,1050,240,0130PM-0530PM,BLS 217,McLaughlin Krystle
CHEM,352,51,Phys Chem-Molec Structr,1.0,20,MW,630,705,75,1030AM-1145AM,OH 273,Bendavid Leah
CHEM,373,51,Integrated Chemistry Lab II,1.0,14,TR,810,990,180,0130PM-0430PM,BLS 117,Donhauser Zachary
CHIN,106,51,Elementary Chinese,1.5,18,MTWRF,570,620,50,0930AM-1020AM,SC 111,Carter Elizabeth
CHIN,108,51,Advanced Elementary Chinese,1.5,15,MTWRF,630,680,50,1030AM-1120AM,CH 143,Hao Bei
CHIN,206,51,Intermediate Chinese,1.5,12,MTWRF,570,620,50,0930AM-1020AM,CH 143,Hao Bei
CHIN,208,51,Advanced Intermediate Chinese,1.5,12,MTWRF,630,680,50,1030AM-1120AM,SC 114,Carter Elizabeth
CHIN,214,51,20th Century Chinese Lit,1.0,17,TR,810,885,75,0130PM-0245PM,DF 310,Liu Haoming
CHIN,306,51,Advanced Chinese,1.0,10,MWF,720,770,50,1200PM-1250PM,SC 008,Carter Elizabeth
CHIN,351,51,Adv Readings Orig Literary Wrk,1.0,10,TR,720,795,75,1200PM-0115PM,SC 011,Parries Anne
CHIN,370,51,Early Chinese Literature,1.0,10,F,630,810,180,1030AM-0130PM,SC 113,Liu Haoming
CLCS,107,51,Liberal Arts in Question,1.0,10,TR,540,615,75,0900AM-1015AM,RH 201,Lowe Swift Candice
CLCS,151,51,Intro to Contemplative Studies,1.0,20,MW,630,705,75,1030AM-1145AM,NE 106,Palmer Carolyn
CLCS,184,51,Questions of Character,1.0,17,WF,570,645,75,0930AM-1045AM,CH 137,Hart Kathleen
CLCS,270,51,Global Problems Local Policy,1.0,6,T,960,1080,120,0400PM-0600PM,OB 212,Edwards Rebecca
CLCS,280,51,Equitable Futures: Arlington,0.5,8,M,910,985,75,0310PM-0425PM,,Woods Eva
CMPU,101,51,Computer Science I/Lab,1.0,20,TRF,720,795,75,1200PM-0115PM,SC 006,Ellman Tom
CMPU,101,52,Computer Science I/Lab,1.0,20,MWF,540,615,75,0900AM-1015AM,SC 006,Smith Marc
CMPU,101,53,Computer Science I/Lab,1.0,20,MWF,630,705,75,1030AM-1145AM,SC 006,Gordon Jonathan
CMPU,101,54,Computer Science I/Lab,1.0,20,MWF,720,795,75,1200PM-0115PM,SP 105,Lemieszewski Peter
CMPU,102,51,Computer Science II/Lab,1.0,24,TRF,630,705,75,1030AM-1145AM,SP 309,Goodwin Prairie Rose
CMPU,102,52,Computer Science II/Lab,1.0,24,TRF,540,615,75,0900AM-1015AM,SP 309,Lemieszewski Peter
CMPU,145,51,Foundations/Computer Science,1.0,24,TRF,810,885,75,0130PM-0245PM,SP 309,Hunsberger Luke
CMPU,203,51,Computer Science III,1.0,20,MWF,630,705,75,1030AM-1145AM,NE 105,Meireles Rui
CMPU,203,52,Computer Science III,1.0,20,MWF,630,705,75,1030AM-1145AM,NE 105,Meireles Rui
CMPU,224,51,Computer Organization,1.0,24,MWF,810,885,75,0130PM-0245PM,SP 309,Waterman Jason
CMPU,240,51,Theory of Computation,1.0,24,TR,910,985,75,0310PM-0425PM,SP 105,Ellman Tom
CMPU,241,51,Analysis of Algorithms,1.0,24,TR,810,885,75,0130PM-0245PM,SP 105,Goodwin Prairie Rose
CMPU,280,51,Intermediate Data Science,1.0,24,TR,720,795,75,1200PM-0115PM,SP 105,Hoellerbauer Simon
CMPU,334,51,Operating Systems,1.0,24,TR,1110,1230,120,0630PM-0830PM,SP 309,Waterman Jason
CMPU,365,51,Artificial Intelligence,1.0,24,TR,720,795,75,1200PM-0115PM,SP 309,Hunsberger Luke
COGS,100,51,Intro Cognitive Science,1.0,30,TR,540,615,75,0900AM-1015AM,OH 273,Long John
COGS,100,52,Intro Cognitive Science,1.0,30,TR,720,795,75,1200PM-0115PM,NE 105,Livingston Kenneth
COGS,215,51,Knowledge And Cognition,1.0,30,TR,630,705,75,1030AM-1145AM,NE 206,Broude Gwen
COGS,219,51,Research Methods/Cognitive Sci,1.0,12,MW,540,615,75,0900AM-1015AM,OH A71,de Leeuw Joshua
COGS,311,51,Seminar in Cognitive Science,1.0,15,R,910,1090,180,0310PM-0610PM,OH A62,Andrews Jan
COGS,312,51,Mind Reading,1.0,15,T,910,1030,120,0310PM-0510PM,NE 105,Broude Gwen
COGS,319,51,Modeling MindsBrainsBehavior,1.0,16,M,910,1090,180,0310PM-0610PM,BLS 101,Livingston Kenneth
COGS,320,51,Autonomous Robotics Design Com,1.0,16,MW,780,900,120,0100PM-0300PM,BLS B01,de Leeuw Joshua
DANC,160,51,Introduction to Ballet,0.5,25,MW,630,705,75,1030AM-1145AM,KH 120,Deane Claire
DANC,164,51,Upper Level Beginner Ballet,0.5,15,MW,720,795,75,1200PM-0115PM,KH 120,Mahdaviani Miriam
DANC,165,51,Upper Level Beginn Ballet II,0.5,12,MW,720,795,75,1200PM-0115PM,KH 120,Mahdaviani Miriam
DANC,166,51,Low-Intermediate Ballet I,0.5,12,TR,995,1085,90,0435PM-0605PM,KH 120,Meehan John
DANC,167,51,Low-Intermediate Ballet II,0.5,12,TR,995,1085,90,0435PM-0605PM,KH 120,Meehan John
DANC,170,51,Movement Analysis,0.5,20,R,795,900,105,0115PM-0300PM,KH 200,Sachs Leslie
DANC,174,51,Beginning Jazz,0.5,25,TR,630,705,75,1030AM-1145AM,KH 120,Covin Lisa
DANC,194,51,Beginning Modern Dance,0.5,25,MW,540,615,75,0900AM-1015AM,KH 200,Deane Claire
DANC,195,51,Advanced Beginning Modern,0.5,25,TR,810,885,75,0130PM-0245PM,KH 120,Brown Winston
DANC,215,51,Dance Comp/Choreography,0.5,999,MW,720,795,75,1200PM-0115PM,KH 200,Sachs Leslie
DANC,264,51,Intermediate Ballet I,1.0,6,MWF,810,900,90,0130PM-0300PM,KH 120,Mahdaviani Miriam
DANC,265,51,Intermediate Ballet II,1.0,6,MWF,810,900,90,0130PM-0300PM,KH 120,Mahdaviani Miriam
DANC,266,51,Intermediate Ballet III,1.0,6,MWF,810,900,90,0130PM-0300PM,KH 120,Mahdaviani Miriam
DANC,267,51,Intermediate Ballet IV,1.0,6,MWF,810,900,90,0130PM-0300PM,KH 120,Mahdaviani Miriam
DANC,274,51,Intermediate Jazz I,0.5,999,TR,720,795,75,1200PM-0115PM,KH 120,Covin Lisa
DANC,294,51,Intermediate Modern Dance I,0.5,19,TR,910,985,75,0310PM-0425PM,KH 200,Brown Winston
DANC,295,51,Intermediate Modern Dance II,0.5,6,TR,910,985,75,0310PM-0425PM,KH 200,Brown Winston
DANC,364,51,Repertory Dance Theatre I,1.0,999,M,960,1080,120,0400PM-0600PM,KH 120,Mahdaviani Miriam
DANC,365,51,Repertory Dance Theatre II,1.0,999,M,960,1080,120,0400PM-0600PM,KH 120,Mahdaviani Miriam
DANC,366,51,Repertory Dance Theatre III,1.0,999,M,960,1080,120,0400PM-0600PM,KH 120,Mahdaviani Miriam
DANC,367,51,Repertory Dance Theatre IV,1.0,999,M,960,1080,120,0400PM-0600PM,KH 120,Mahdaviani Miriam
DANC,394,51,Advanced Modern Dance I,0.5,999,MW,630,705,75,1030AM-1145AM,KH 200,Sachs Leslie
DANC,395,51,Advanced Modern Dance II,0.5,999,MW,630,705,75,1030AM-1145AM,KH 200,Sachs Leslie
DANC,396,51,Advanced Modern Dance III,0.5,999,MW,630,705,75,1030AM-1145AM,KH 200,Sachs Leslie
DANC,397,51,Advanced Modern Dance IV,0.5,999,MW,630,705,75,1030AM-1145AM,KH 200,Sachs Leslie
DRAM,102,51,Intro Theater Making:Thry/Prac,1.0,36,TR,630,705,75,1030AM-1145AM,DF 107,Grabowski Christopher
DRAM,103,51,Introduction to Stagecraft,0.5,25,TR,720,795,75,1200PM-0115PM,DF 107,Hunting James
DRAM,200,51,Experimental Theater,0.5,15,F,540,780,240,0900AM-0100PM,DF 111,Grabowski Christopher
DRAM,203,51,The Actor's Craft,1.0,10,MW,780,900,120,0100PM-0300PM,DF 110,Tucker Shona
DRAM,204,51,Theatre Technologies,1.0,10,M,910,1030,120,0310PM-0510PM,DF 111,Stirling Baker Brandon
DRAM,205,51,The Actor's Voice,1.0,10,M,910,1090,180,0310PM-0610PM,DF 110,Schott Conrad
DRAM,206,51,Movement for Actors,1.0,20,TR,540,615,75,0900AM-1015AM,KH 200,Covin Lisa
DRAM,208,51,Drapng/Pattrn Devel for Stg Pr,1.0,10,TR,630,750,120,1030AM-1230PM,DF 111,Kelly Kenisha
DRAM,210,51,Introduction to Playwriting,1.0,10,T,910,1090,180,0310PM-0610PM,DF 310,Gil-Sheridan Peter
DRAM,213,51,Stage Management,1.0,10,M,780,900,120,0100PM-0300PM,DF 111,Gillespie Chelsea
DRAM,222,51,Sources of World Drama,1.0,20,MW,630,705,75,1030AM-1145AM,DF 309,Culp Amanda
DRAM,228,51,African American Literature,1.0,22,MW,630,705,75,1030AM-1145AM,DF 310,Simpson Tyrone
DRAM,232,51,Dramaturgy,1.0,15,T,780,900,120,0100PM-0300PM,DF 309,Culp Amanda
DRAM,241,51,Shakespeare,1.0,22,TR,910,985,75,0310PM-0425PM,DF 308,Markus Zoltan
DRAM,304,51,The Art of Acting: Shakespeare,1.0,8,TR,780,900,120,0100PM-0300PM,DF 110,Schott Conrad
DRAM,310,51,Advanced Playwriting,1.0,10,R,910,1090,180,0310PM-0610PM,DF 310,Gil-Sheridan Peter
DRAM,339,51,Shakespeare in Production,1.0,12,W,780,900,120,0100PM-0300PM,PT AUD,Walen Denise
DRAM,390,56,Senior Project in Drama,1.0,999,F,540,780,240,0900AM-0100PM,DF 110,Gil-Sheridan Peter
DRAM,392,51,Intensive Topics,1.0,10,F,910,1090,180,0310PM-0610PM,DF 309,Tucker Shona
ECON,102,51,Introduction to Economics,1.0,25,TR,540,615,75,0900AM-1015AM,T 203,Lemon Andrew
ECON,102,52,Introduction to Economics,1.0,25,TR,810,885,75,0130PM-0245PM,KH 217,Ge Qi
ECON,102,53,Introduction to Economics,1.0,25,MW,720,795,75,1200PM-0115PM,KH 132,Brusentsev Vera
ECON,200,51,Macroeconomic Theory,1.0,20,MW,720,795,75,1200PM-0115PM,KH 131,Argudo Esteban
ECON,200,52,Macroeconomic Theory,1.0,20,MW,810,885,75,0130PM-0245PM,KH 131,Argudo Esteban
ECON,201,51,Microeconomic Theory,1.0,20,TR,630,705,75,1030AM-1145AM,KH 131,Frye Dustin
ECON,201,52,Microeconomic Theory,1.0,20,TR,720,795,75,1200PM-0115PM,KH 131,Frye Dustin
ECON,203,51,Introduction to Econometrics,1.0,20,MW,540,615,75,0900AM-1015AM,KH 131,Johnson Paul
ECON,203,52,Introduction to Econometrics,1.0,20,MW,630,705,75,1030AM-1145AM,KH 131,Johnson Paul
ECON,206,51,Gender Issues in Economics,1.0,20,MW,630,705,75,1030AM-1145AM,KH 133,Pearlman Sarah
ECON,220,51,Health Economics,1.0,20,MW,540,615,75,0900AM-1015AM,BH 122,Atwood Alicia
ECON,220,52,Health Economics,1.0,20,MW,630,705,75,1030AM-1145AM,BH 122,Atwood Alicia
ECON,235,51,Sports Economics,1.0,20,TR,630,705,75,1030AM-1145AM,KH 217,Ge Qi
ECON,235,52,Sports Economics,1.0,20,TR,720,795,75,1200PM-0115PM,KH 217,Ge Qi
ECON,238,51,Law and Economics,1.0,20,MW,720,795,75,1200PM-0115PM,SC 212,Lemon Andrew
ECON,238,52,Law and Economics,1.0,20,MW,810,885,75,0130PM-0245PM,SC 212,Lemon Andrew
ECON,248,51,Int'l Trade/Wld Finl Sys,1.0,20,TR,720,795,75,1200PM-0115PM,KH 134,Savaser Tanseli
ECON,248,52,Int'l Trade/Wld Finl Sys,1.0,20,TR,810,885,75,0130PM-0245PM,KH 134,Savaser Tanseli
ECON,261,51,Political Economy,1.0,20,TR,810,885,75,0130PM-0245PM,KH 216,Ho Benjamin
ECON,267,51,Envir. & Natural Resource Econ,1.0,20,TR,540,615,75,0900AM-1015AM,KH 133,Kennett David
ECON,267,52,Envir. & Natural Resource Econ,1.0,20,TR,630,705,75,1030AM-1145AM,KH 133,Kennett David
ECON,273,51,Development Economics,1.0,20,TR,540,615,75,0900AM-1015AM,KH 131,Kagy Gisella
ECON,275,51,Money and Banking,1.0,20,TR,910,985,75,0310PM-0425PM,KH 132,Argudo Esteban
ECON,301,51,Senior Thesis,1.0,8,TR,720,795,75,1200PM-0115PM,KH 216,Ho Benjamin
ECON,307,51,Adv. Topic Health Econ Policy,1.0,11,M,780,900,120,0100PM-0300PM,BH 242,Atwood Alicia
ECON,320,51,Econ of Inequality,1.0,13,T,780,900,120,0100PM-0300PM,BH 242,Kagy Gisella
ECON,320,52,Econ of Inequality,1.0,13,W,780,900,120,0100PM-0300PM,BH 242,Kagy Gisella
ECON,346,51,International Macroeconomics,1.0,13,TR,540,615,75,0900AM-1015AM,KH 134,Savaser Tanseli
ECON,367,51,Comparative Economics,1.0,13,MW,720,795,75,1200PM-0115PM,KH 133,Kennett David
ECON,382,51,Economics of Disasters,1.0,13,MW,630,705,75,1030AM-1145AM,KH 132,Brusentsev Vera
ECON,389,51,Time Series Econometrics,1.0,13,T,910,1030,120,0310PM-0510PM,KH 131,Johnson Paul
EDUC,105,51,Concept Latin Latinx America,1.0,20,TR,910,985,75,0310PM-0425PM,RH 200,Holland Tracey
EDUC,215,51,Homes Schools Communities,1.0,8,M,910,1030,120,0310PM-0510PM,OB 212,McCloskey Erin
EDUC,232,51,Accessing the Ivory Tower,1.0,20,TR,630,705,75,1030AM-1145AM,BH 305,Rueda Erendira
EDUC,235,51,Issues/Contemporary Educ,1.0,20,TR,810,885,75,0130PM-0245PM,RH 312,Ardizzone Leonisa
EDUC,235,52,Issues/Contemporary Educ,1.0,20,MW,630,705,75,1030AM-1145AM,BH 242,Lam Victoria
EDUC,235,53,Issues/Contemporary Educ,1.0,20,MW,720,795,75,1200PM-0115PM,BH 122,Lam Victoria
EDUC,250,51,Intro/Special Education,1.0,20,MW,540,615,75,0900AM-1015AM,OB 211,Lam Victoria
EDUC,255,51,Race/Repres/Resist US Schools,1.0,25,TR,630,705,75,1030AM-1145AM,DF 309,Williams Brown Kimberly
EDUC,273,51,Critical Ethnic Studies Curric,1.0,12,W,600,780,180,1000AM-0100PM,OB 212,Hantzopoulos Maria
EDUC,275,51,International/Comparative Ed,1.0,20,TR,540,615,75,0900AM-1015AM,KH 132,Bjork Christopher
EDUC,279,51,Rethinking Gender in Education,1.0,25,TR,910,985,75,0310PM-0425PM,KH 217,Williams Brown Kimberly
EDUC,286,51,Inclusive Quantitative Educat,0.5,12,TR,810,885,75,0130PM-0245PM,RH 304,Gould Hudson
EDUC,351,51,Teaching Of Reading,1.0,15,R,780,960,180,0100PM-0400PM,OB 212,McCloskey Erin
EDUC,361,51,Sem: Math/Science/Elem Classrm,1.0,16,R,910,1090,180,0310PM-0610PM,KH 134,Del Razo Jaime
EDUC,375,51,Sci. Spirit. & Peace: Climate,1.0,20,T,630,750,120,1030AM-1230PM,OB 211,Ardizzone Leonisa
EDUC,381,51,Refugee Resettlement and Educ,1.0,12,R,780,900,120,0100PM-0300PM,RH 307,Rashid Mariam
EDUC,392,51,Multidispln Meth/Adolscnt Educ,1.0,15,T,780,900,120,0100PM-0300PM,OB 212,Hantzopoulos Maria
ENGL,101,51,Lit Citizenship & Americ Iden,1.0,17,TR,630,705,75,1030AM-1145AM,SC 111,Roberts Zachary
ENGL,101,52,The Ends of Black Autobiograph,1.0,17,MW,540,615,75,0900AM-1015AM,DF 310,Simpson Tyrone
ENGL,105,51,Literature X,1.0,60,T,720,795,75,1200PM-0115PM,RH 200,Markus Zoltan
ENGL,170,51,Approaches to Literary Studies,1.0,21,TR,910,985,75,0310PM-0425PM,SC 013,Dunn Leslie
ENGL,203,51,These Amer Lives: New Jourlsms,1.0,21,TR,720,795,75,1200PM-0115PM,RH 310,Kumar Amitava
ENGL,205,51,Introductory Creative Writing,1.0,16,T,780,900,120,0100PM-0300PM,DF 305,Harmon Joshua
ENGL,205,52,Introductory Creative Writing,1.0,16,R,780,900,120,0100PM-0300PM,SC 017,Shengold Nina
ENGL,205,53,Introductory Creative Writing,1.0,16,M,780,900,120,0100PM-0300PM,RH 201,Schultz Matthew
ENGL,205,54,Introductory Creative Writing,1.0,16,T,910,1030,120,0310PM-0510PM,SC 111,Vines Christine
ENGL,205,55,Introductory Creative Writing,1.0,16,T,780,900,120,0100PM-0300PM,OB 211,Chapman Ryan
ENGL,205,56,Introductory Creative Writing,1.0,16,R,780,900,120,0100PM-0300PM,OB 211,Chapman Ryan
ENGL,207,51,Intermediate Creative Writing:,1.0,16,TR,810,885,75,0130PM-0245PM,SC 111,Kumar Amitava
ENGL,209,51,Adv Creat Writ:Narrative,1.0,16,T,960,1080,120,0400PM-0600PM,DF 309,Harmon Joshua
ENGL,218,51,Literature Gender and Sexual,1.0,22,TR,720,795,75,1200PM-0115PM,SC 111,Kane Jean
ENGL,226,51,American Literature 1865-1925,1.0,22,TR,810,885,75,0130PM-0245PM,SC 011,Roberts Zachary
ENGL,227,51,Harlem Renaissance/Precursors,1.0,22,TR,630,705,75,1030AM-1145AM,RH 301,Dunbar Eve
ENGL,228,51,African American Literature,1.0,22,MW,630,705,75,1030AM-1145AM,DF 310,Simpson Tyrone
ENGL,233,51,Carceral Lit of the Caribbean,1.0,15,MW,780,855,75,0100PM-0215PM,SC 008,Reyes Salas Michael
ENGL,236,51,Beowulf,1.0,22,MW,630,705,75,1030AM-1145AM,SC 017,Amodio Mark
ENGL,241,51,Shakespeare,1.0,22,TR,910,985,75,0310PM-0425PM,DF 308,Markus Zoltan
ENGL,245,51,The Enlightenment,1.0,22,TR,630,705,75,1030AM-1145AM,SC 113,DeMaria Robert
ENGL,247,51,Eighteenth Cent British Novels,1.0,22,MW,630,705,75,1030AM-1145AM,SP 105,Taylor Mark
ENGL,249,51,Victorian Literature,1.0,22,MW,810,885,75,0130PM-0245PM,SC 111,Taylor Mark
ENGL,255,51,Nineteenth Cent British Novels,1.0,22,MW,720,795,75,1200PM-0115PM,SC 113,Zlotnick Susan
ENGL,256,51,Modern British/Irish Lit.,1.0,22,TR,910,985,75,0310PM-0425PM,SC 113,Chang Heesok
ENGL,257,51,The Novel/English after 1945,1.0,22,TR,810,885,75,0130PM-0245PM,SC 113,Chang Heesok
ENGL,270,51,New York Stories,0.5,6,F,810,885,75,0130PM-0245PM,SC 114,Chang Heesok
ENGL,272,51,What Makes a Collection?,1.0,4,W,780,900,120,0100PM-0300PM,SC 011,Gemmill Katie
ENGL,275,51,Vassar Crit. Journal Intensive,0.5,15,M,720,840,120,1200PM-0200PM,SC 017,Graham Wendy
ENGL,306,51,Senior Creative Writing Sem,1.0,12,R,910,1030,120,0310PM-0510PM,LI 130,Means David
ENGL,320,51,Adaptations: Studies in Lit Tr,1.0,15,W,660,780,120,1100AM-0100PM,SC 111,Kane Jean
ENGL,329,51,American Literary Realism,1.0,15,W,780,900,120,0100PM-0300PM,RH 301,Graham Wendy
ENGL,345,51,Milton,1.0,15,R,780,900,120,0100PM-0300PM,SC 114,DeMaria Robert
ENGL,351,51,Dickensian,1.0,15,M,910,1030,120,0310PM-0510PM,SC 113,Zlotnick Susan
ENGL,375,51,Seminar in Women's Studies,1.0,15,M,910,1030,120,0310PM-0510PM,CH LL104,Dunn Leslie
ENGL,380,51,Then Whose Negro Are You?,1.0,15,W,780,900,120,0100PM-0300PM,DF 310,Simpson Tyrone
ENGL,381,51,Visions&Revisions of the Fall,1.0,15,M,780,900,120,0100PM-0300PM,SC 013,Amodio Mark
ENST,107,51,Global Change/Sustainability,1.0,24,TR,540,615,75,0900AM-1015AM,EH 200,Knights Deon
ENST,124,51,Essentials/Environmental Scnce,1.0,18,MW,720,795,75,1200PM-0115PM,OH 266,Christenson Lynn
ENST,125,51,Environmentalism/Perspective,1.0,22,MW,630,705,75,1030AM-1145AM,RH 104,Seidman Jeffrey
ENST,153,51,Fluid Earth/Oceans Atmosphere,1.0,40,MW,540,615,75,0900AM-1015AM,NE 206,Haynes Laura
ENST,182,51,Climate Change/Apocalypse,1.0,30,TR,810,885,75,0130PM-0245PM,BH 105,Yoder Klaus
ENST,238,51,Environmental China,1.0,25,MW,630,705,75,1030AM-1145AM,EH 200,Zhou Yu
ENST,265,51,Resource Extraction,1.0,25,TR,720,795,75,1200PM-0115PM,EH 200,Knights Deon
ENST,270,51,Topics in Env Studies,1.0,20,TR,720,795,75,1200PM-0115PM,KH 133,Parker Thomas
ENST,277,51,Biogeochemistry,1.0,22,TR,630,705,75,1030AM-1145AM,EH 204,Haynes Laura
ENST,278,51,Envi. Political Thought,1.0,25,TR,630,705,75,1030AM-1145AM,RH 210,Sagan Claire
ENST,279,51,Landscape History: Springside,0.5,12,W,780,900,120,0100PM-0300PM,T 205,Elet Yvonne
ENST,284,51,Gender and Environmentalism,1.0,20,TR,720,795,75,1200PM-0115PM,SC 013,Maticic Del
ENST,352,51,Conservation & Restoration Eco,1.0,16,TR,630,705,75,1030AM-1145AM,OH 162,Ronsheim Margaret
ENST,360,51,Planetary Alternatives,1.0,15,T,910,1090,180,0310PM-0610PM,BH 309,Ghosh Kaushik
ENST,381,51,Ecosystem Structure & Function,1.0,16,TR,910,985,75,0310PM-0425PM,OH 273,Christenson Lynn
ESCI,151,51,The Solid Earth: Physical Geol,1.0,22,MW,720,795,75,1200PM-0115PM,EH 204,Schneiderman Jill
ESCI,153,51,Fluid Earth/Oceans Atmosphere,1.0,40,MW,540,615,75,0900AM-1015AM,NE 206,Haynes Laura
ESCI,201,51,Earth Materials:Minerals/Rocks,1.0,11,TR,540,615,75,0900AM-1015AM,EH 204,Walker Jeffrey
ESCI,224,51,GIS: Spatial Analysis,1.0,19,TR,810,885,75,0130PM-0245PM,BLS 101,Cunningham Mary Ann
ESCI,235,51,Water,1.0,11,WF,630,705,75,1030AM-1145AM,EH 204,Menking Kirsten
ESCI,265,51,Resource Extraction,1.0,25,TR,720,795,75,1200PM-0115PM,EH 200,Knights Deon
ESCI,277,51,Biogeochemistry,1.0,22,TR,630,705,75,1030AM-1145AM,EH 204,Haynes Laura
ESCI,351,51,Volcanology,1.0,11,M,810,1050,240,0130PM-0530PM,EH 204,Zayac John
FFS,106,51,Elementary French,1.0,20,MTWRF,570,620,50,0930AM-1020AM,CH LL104,Brancky Anne
FFS,106,52,Elementary French,1.0,20,MTWRF,630,680,50,1030AM-1120AM,CH 102,Hiner Susan
FFS,205,51,Intermediate French I,1.0,20,TR,720,795,75,1200PM-0115PM,CH 102,Cutchin Adam
FFS,206,51,Intermediate French II,1.0,20,MW,630,705,75,1030AM-1145AM,CH 106,Swamy Vinay
FFS,210,51,Francphne Wrld:TextSoundImag,1.0,20,MW,630,705,75,1030AM-1145AM,CH LL104,Amos Matthew
FFS,212,51,Reading Literature and Film,1.0,20,MW,720,795,75,1200PM-0115PM,CH 102,Amos Matthew
FFS,232,51,Shopping in Paradise,1.0,20,MW,810,885,75,0130PM-0245PM,CH 106,Hiner Susan
FFS,281,51,The Francophone City:Montreal,1.0,20,TR,810,885,75,0130PM-0245PM,CH 106,Cutchin Adam
FFS,288,51,Women and/in Cinema (in Engl),1.0,20,MW,810,885,75,0130PM-0245PM,CH 102,Swamy Vinay
FFS,370,51,Stylistics and Translation,1.0,16,W,780,900,120,0100PM-0300PM,CH 134,Hart Kathleen
FFS,380,51,Prison Writing/Writing Prison,1.0,15,T,780,900,120,0100PM-0300PM,CH 109,Brancky Anne
FFS,394,51,Post-Study Away Projects,0.5,5,F,630,750,120,1030AM-1230PM,CH 106,Brancky Anne
FFS,394,52,Post-Study Away Projects,0.5,5,W,630,750,120,1030AM-1230PM,CH LL103,Parker Thomas
FFS,396,51,Subtitling French Film,0.5,5,F,780,900,120,0100PM-0300PM,CH 102,Swamy Vinay
FILM,175,51,Introduction to Screen Arts,1.0,25,TR,720,795,75,1200PM-0115PM,DF 109,Model Katherine
FILM,175,52,Introduction to Screen Arts,1.0,25,TR,810,885,75,0130PM-0245PM,DF 109,Model Katherine
FILM,209,51,World Cinema,1.0,25,MW,630,705,75,1030AM-1145AM,DF 109,Mask Mia
FILM,217,51,Video Art,1.0,12,MW,590,710,120,0950AM-1150AM,NH 103,Gunnels Abigail
FILM,221,51,American Avant-Garde Film,1.0,15,TR,810,885,75,0130PM-0245PM,DF 308,Stein Erica
FILM,222,51,Curating Microcinemas,0.5,15,F,600,720,120,1000AM-1200PM,DF 305,Stein Erica
FILM,241,51,Sound and Sight,1.0,12,R,720,900,180,1200PM-0300PM,DF 215,Lord Jordan
FILM,260,51,Documentary:History/Aesthetics,1.0,20,TR,630,705,75,1030AM-1145AM,DF 308,Kupfer Alexander
FILM,288,51,Women and/in Cinema (in Engl),1.0,20,MW,810,885,75,0130PM-0245PM,CH 102,Swamy Vinay
FILM,289,51,Access and Filmmaking,1.0,12,W,720,900,180,1200PM-0300PM,DF 206,Lord Jordan
FILM,319,51,Advanced Screenwriting,1.0,12,M,910,1030,120,0310PM-0510PM,DF 305,Muszynski Joseph
FILM,324,51,Cinema Modes,1.0,12,W,615,795,180,1015AM-0115PM,DF 215,Iris Denise
FILM,327,51,Senior Project: Fiction,1.0,12,R,615,795,180,1015AM-0115PM,DF 206,Iris Denise
FILM,336,51,African Cinema:Continentl Srvy,1.0,15,M,780,900,120,0100PM-0300PM,DF 308,Mask Mia
FILM,337,51,The Films of Ousmane Sembene,0.5,15,T,1035,1095,60,0515PM-0615PM,,Mask Mia
FILM,392,51,Political and Militant Cinemas,1.0,15,T,910,1030,120,0310PM-0510PM,DF 305,Stein Erica
GEOG,102,51,Global Geography,1.0,25,TR,630,705,75,1030AM-1145AM,EH 200,Godfrey Brian
GEOG,151,51,The Solid Earth: Physical Geol,1.0,22,MW,720,795,75,1200PM-0115PM,EH 204,Schneiderman Jill
GEOG,153,51,Fluid Earth/Oceans Atmosphere,1.0,40,MW,540,615,75,0900AM-1015AM,NE 206,Haynes Laura
GEOG,224,51,GIS: Spatial Analysis,1.0,19,TR,810,885,75,0130PM-0245PM,BLS 101,Cunningham Mary Ann
GEOG,235,51,Water,1.0,11,WF,630,705,75,1030AM-1145AM,EH 204,Menking Kirsten
GEOG,238,51,Environmental China,1.0,25,MW,630,705,75,1030AM-1145AM,EH 200,Zhou Yu
GEOG,274,51,Political Geog Human Rights,1.0,25,MW,810,885,75,0130PM-0245PM,EH 200,Nevins Joseph
GEOG,282,51,American Landscapes,1.0,25,TR,720,795,75,1200PM-0115PM,RH 203,Elrick John
GEOG,286,51,People's Geog/Hudson Valley,1.0,8,R,910,1030,120,0310PM-0510PM,EH 104,Nevins Joseph
GEOG,288,51,Planning History and Thought,1.0,25,MW,720,795,75,1200PM-0115PM,EH 200,Elrick John
GEOG,300,51,Senior Thesis,1.0,999,T,1090,1270,180,0610PM-0910PM,EH 104,Zhou Yu
GEOG,303,51,Preserving Whose City?,1.0,15,F,780,960,180,0100PM-0400PM,EH 104,Godfrey Brian
GEOG,340,51,Adv Urban/Regional Studies,1.0,15,M,910,1090,180,0310PM-0610PM,EH 104,Elrick John
GERM,106,51,Elementary German,1.0,20,MWF,540,615,75,0900AM-1015AM,CH LL103,von der Emde Silke
GERM,106,52,Elementary German,1.0,15,MWF,720,795,75,1200PM-0115PM,CH LL104,Mayer Anna
GERM,109,51,Intensive Beginning German,1.5,20,MTWR,540,615,75,0900AM-1015AM,CH 118,Schreiber Elliott
GERM,180,51,Grimms' Tales and Adaptations,0.5,15,MW,720,795,75,1200PM-0115PM,CH 106,Schreiber Elliott
GERM,182,51,Reading Freud and His Critics,0.5,12,MR,995,1070,75,0435PM-0550PM,CH 134,Schneider Jeffrey
GERM,211,51,Intermediate German II,1.0,20,MWF,540,615,75,0900AM-1015AM,CH 109,Mayer Anna
GERM,260,51,Developments in German Lit,1.0,15,MW,720,795,75,1200PM-0115PM,CH 123,Gerhardi Lioba
GERM,274,51,E. Germany and War in Ukraine,1.0,10,MW,630,705,75,1030AM-1145AM,LI 130,von der Emde Silke
GERM,283,51,Of States and Their Terrorists,1.0,20,MR,910,985,75,0310PM-0425PM,CH 102,Mayer Anna
GERM,374,51,Senior Colloquium,1.0,7,F,630,750,120,1030AM-1230PM,CH 116,Schreiber Elliott
GNCS,180,51,Grimms' Tales and Adaptations,0.5,15,MW,720,795,75,1200PM-0115PM,CH 106,Schreiber Elliott
GNCS,182,51,Reading Freud and His Critics,0.5,12,MR,995,1070,75,0435PM-0550PM,CH 134,Schneider Jeffrey
GNCS,232,51,Shopping in Paradise (in Fr.),1.0,20,MW,810,885,75,0130PM-0245PM,CH 106,Hiner Susan
GNCS,249,51,Victorian Literature,1.0,22,MW,810,885,75,0130PM-0245PM,SC 111,Taylor Mark
GNCS,255,51,Nineteenth Cent British Novels,1.0,22,MW,720,795,75,1200PM-0115PM,SC 113,Zlotnick Susan
GNCS,263,51,Painters of Modern Life,1.0,25,MW,630,705,75,1030AM-1145AM,T 203,Lukacher Brian
GNCS,329,51,American Literary Realism,1.0,15,W,780,900,120,0100PM-0300PM,RH 301,Graham Wendy
GNCS,351,51,Dickensian,1.0,15,M,910,1030,120,0310PM-0510PM,SC 113,Zlotnick Susan
GNCS,355,51,Childhood/Childrn 19C Britain,1.0,12,R,910,1030,120,0310PM-0510PM,SW 201,Murdoch Lydia
GRST,100,51,Reinterpreting Greece & Rome,1.0,30,TR,995,1070,75,0435PM-0550PM,DF 308,Dozier Curtis
GRST,125,51,Elementary Greek,1.0,20,MTWR,630,680,50,1030AM-1120AM,SC 008,Friedman Rachel
GRST,144,51,Living in the Ancient City,0.5,25,TR,810,885,75,0130PM-0245PM,T 203,D'Ambra Eve
GRST,146,51,Elementary Latin,1.0,25,MTWR,570,620,50,0930AM-1020AM,KH 216,Maticic Del
GRST,184,51,Imagining Rome and Egypt,1.0,20,TR,630,705,75,1030AM-1145AM,KH 132,Tobin Carolyn
GRST,202,51,Myth,1.0,20,TR,810,885,75,0130PM-0245PM,OH 169,Friedman Rachel
GRST,202,52,Myth,1.0,20,MW,810,885,75,0130PM-0245PM,DF 309,Dozier Curtis
GRST,216,51,History of the Ancient Greeks,1.0,20,MW,810,885,75,0130PM-0245PM,NE 105,Olsen Barbara
GRST,246,51,Intermediate Latin II,1.0,20,MWF,720,770,50,1200PM-1250PM,SC 013,Maticic Del
GRST,284,51,Gender and Environmentalism,1.0,20,TR,720,795,75,1200PM-0115PM,SC 013,Maticic Del
GRST,292,51,Collecting Antiquities @Vassar,1.0,12,T,910,1030,120,0310PM-0510PM,T 328,D'Ambra Eve
GRST,321,51,Advanced Greek,1.0,7,TR,910,985,75,0310PM-0425PM,SC 114,Olsen Barbara
GRST,328,51,Anne Carson,0.5,7,W,780,900,120,0100PM-0300PM,SC 017,Friedman Rachel
GRST,381,51,Urbanism/Ancient Mediterranean,1.0,20,TR,810,885,75,0130PM-0245PM,SC 013,Olsen Barbara
HEBR,106,51,Elementary Hebrew,1.0,20,MTWR,570,620,50,0930AM-1020AM,BH 242,Veto Agnes
HISP,106,51,Elementary Spanish Lang,1.0,20,MTWRF,570,620,50,0930AM-1020AM,CH 126,Brownstone Veronica
HISP,106,52,Elementary Spanish Lang,1.0,20,MTWRF,630,680,50,1030AM-1120AM,CH 126,Brownstone Veronica
HISP,205,51,Intermediate Spanish,1.0,20,MWF,720,770,50,1200PM-1250PM,CH 143,Aronna Michael
HISP,205,52,Intermediate Spanish,1.0,20,MWF,720,770,50,1200PM-1250PM,CH 134,Brownstone Veronica
HISP,205,53,Intermediate Spanish,1.0,20,MWF,570,620,50,0930AM-1020AM,KH 134,Romero Rivera Marcela
HISP,206,51,Migration and Displacement,1.0,20,TR,810,885,75,0130PM-0245PM,CH 102,Woods Eva
HISP,206,52,Desbordes: Undoing Patriarchy,1.0,20,TR,540,615,75,0900AM-1015AM,CH 134,Madariaga Montserrat
HISP,206,53,Migrant Latin America,1.0,20,MW,630,705,75,1030AM-1145AM,KH 134,Romero Rivera Marcela
HISP,216,51,Read Latin America- Short Stor,1.0,20,MW,630,705,75,1030AM-1145AM,OB 211,Vivalda Nicolas
HISP,216,52,Read Latin America- Short Stor,1.0,20,MW,720,795,75,1200PM-0115PM,OB 211,Vivalda Nicolas
HISP,226,51,MuslimsChristiansJews Med Sp,1.0,20,TR,810,885,75,0130PM-0245PM,BH 122,Bush Andrew
HISP,229,51,Whose Land? Land Relations,1.0,15,TR,810,885,75,0130PM-0245PM,CH 134,Madariaga Montserrat
HISP,353,51,Decolonizing Digital Culture,1.0,16,W,780,900,120,0100PM-0300PM,CH 109,Woods Eva
HISP,388,51,Granada,1.0,15,T,910,1030,120,0310PM-0510PM,BH 122,Bush Andrew
HIST,164,51,Enviro Hist of Latin America,1.0,25,TR,720,795,75,1200PM-0115PM,SW 101,Mendiola Daniel
HIST,168,51,Intro to Af. American Hist,1.0,25,TR,910,985,75,0310PM-0425PM,SW 105,Puglisi Allison
HIST,216,51,History of the Ancient Greeks,1.0,20,MW,810,885,75,0130PM-0245PM,NE 105,Olsen Barbara
HIST,221,51,Medieval Science & Technology,1.0,30,MW,630,705,75,1030AM-1145AM,KH 217,Smart Christopher
HIST,225,51,Renaissance Italy,1.0,25,MW,810,885,75,0130PM-0245PM,SW 201,Bisaha Nancy
HIST,237,51,Gender & Sexuality/African Ame,1.0,25,TR,720,795,75,1200PM-0115PM,SW 201,Puglisi Allison
HIST,241,51,Asian Amer Women & Gender Hist,1.0,25,MW,720,795,75,1200PM-0115PM,SW 201,Shih Ashanti
HIST,243,51,Russia/Soviet Union1861-2000,1.0,25,MW,810,885,75,0130PM-0245PM,RH 200,Pohl Michaela
HIST,255,51,The British Empire,1.0,25,TR,630,705,75,1030AM-1145AM,SW 201,Murdoch Lydia
HIST,257,51,Comics,1.0,5,F,780,900,120,0100PM-0300PM,SW 101,Pohl Michaela
HIST,263,51,Conquest/Borderlands in C L AM,1.0,25,MW,810,885,75,0130PM-0245PM,SW 101,Mendiola Daniel
HIST,272,51,Mod African Hst Snc 1800,1.0,25,MW,720,795,75,1200PM-0115PM,SW 101,Rashid Ismail
HIST,275,51,Revol. Amer 1750-1830,1.0,25,MW,630,705,75,1030AM-1145AM,SW 101,Merrell James
HIST,276,51,Democracy in America?1828-1912,1.0,25,TR,810,885,75,0130PM-0245PM,SW 201,Edwards Rebecca
HIST,301,51,Senior Thesis,1.0,999,T,910,1030,120,0310PM-0510PM,SW 201,Brigham Robert
HIST,301,52,Senior Thesis,1.0,999,T,910,1030,120,0310PM-0510PM,EH 104,Choudhury Mita
HIST,301,53,Senior Thesis,1.0,999,T,910,1030,120,0310PM-0510PM,RH 307,Mendiola Daniel
HIST,301,54,Senior Thesis,1.0,999,T,910,1030,120,0310PM-0510PM,SW 101,Rashid Ismail
HIST,302,51,Senior Thesis,1.0,5,F,900,1020,120,0300PM-0500PM,,Mendiola Daniel
HIST,314,51,History/Asian Amer Social Move,1.0,12,T,780,900,120,0100PM-0300PM,RH 201,Shih Ashanti
HIST,326,51,Machiavelli:Power and Politics,1.0,12,R,910,1030,120,0310PM-0510PM,SW 101,Bisaha Nancy
HIST,351,51,Problems/U.S. Foreign Policy,1.0,12,M,960,1080,120,0400PM-0600PM,SW 201,Brigham Robert
HIST,355,51,Childhood/Childrn 19C Britain,1.0,12,R,910,1030,120,0310PM-0510PM,SW 201,Murdoch Lydia
HIST,386,51,Central Asia and the Caucasus,1.0,12,R,780,900,120,0100PM-0300PM,RH 112,Pohl Michaela
INTL,102,51,Global Geography,1.0,25,TR,630,705,75,1030AM-1145AM,EH 200,Godfrey Brian
INTL,106,52,Perspectives in Intl Studies,1.0,20,TR,720,795,75,1200PM-0115PM,KH 132,Holland Tracey
INTL,109,51,A Lexicon of Forced Migration,1.0,20,TR,630,705,75,1030AM-1145AM,RH 203,Rashid Mariam
INTL,238,51,Environmental China,1.0,25,MW,630,705,75,1030AM-1145AM,EH 200,Zhou Yu
INTL,249,51,National Model United Nations,1.0,20,R,1080,1320,240,0600PM-1000PM,RH 300,Murray Matthew
INTL,273,51,Development Economics,1.0,20,TR,540,615,75,0900AM-1015AM,KH 131,Kagy Gisella
INTL,274,51,E. Germany and War in Ukraine,1.0,10,MW,630,705,75,1030AM-1145AM,LI 130,von der Emde Silke
INTL,275,51,International/Comparative Ed,1.0,20,TR,540,615,75,0900AM-1015AM,KH 132,Bjork Christopher
INTL,360,51,Planetary Alternatives,1.0,15,T,910,1090,180,0310PM-0610PM,BH 309,Ghosh Kaushik
INTL,381,51,Refugee Resettlement and Educ,1.0,12,R,780,900,120,0100PM-0300PM,RH 307,Rashid Mariam
INTL,386,51,Central Asia and the Caucasus,1.0,12,R,780,900,120,0100PM-0300PM,RH 112,Pohl Michaela
ITAL,106,51,Elementary Italian,1.0,22,MTWRF,570,620,50,0930AM-1020AM,RH 112,Anatrone Sole
ITAL,106,52,Elementary Italian,1.0,21,MTWRF,720,770,50,1200PM-1250PM,RH 307,Antenucci Emily
ITAL,205,51,Intermediate Italian I,1.0,15,TR,910,985,75,0310PM-0425PM,CH LL104,Gelmi Alberto
ITAL,206,51,Intermediate Italian II,1.0,15,TR,630,705,75,1030AM-1145AM,CH 123,Antenucci Emily
ITAL,222,51,19th&20th Century Italian Cult,1.0,15,MW,630,705,75,1030AM-1145AM,CH 134,Anatrone Sole
ITAL,237,51,The Hell with Dante,1.0,20,MW,720,795,75,1200PM-0115PM,RH 203,Gelmi Alberto
ITAL,301,51,Fictions of Youth,1.0,15,T,1110,1230,120,0630PM-0830PM,CH 137,Bondavalli Simona
JAPA,106,51,Elementary Japanese,1.5,20,MTWRF,570,620,50,0930AM-1020AM,SC 011,Dollase Hiromi
JAPA,106,52,Elementary Japanese,1.5,20,MTWRF,630,680,50,1030AM-1120AM,SC 011,Dollase Hiromi
JAPA,206,51,Intermediate Japanese,1.5,20,MTWRF,570,620,50,0930AM-1020AM,SC 013,Naito Yumiko
JAPA,206,52,Intermediate Japanese,1.5,20,MTWRF,630,680,50,1030AM-1120AM,SC 013,Naito Yumiko
JAPA,222,51,Narratives of Japan:Fict/Film,1.0,20,MR,910,985,75,0310PM-0425PM,NE 105,Qiu Peipei
JAPA,306,51,Advanced Japanese,1.0,13,MWF,720,770,50,1200PM-1250PM,SC 011,Matsubara Yuko
JAPA,351,51,Adv Reading Orig Literary Wrks,1.0,10,MWF,570,620,50,0930AM-1020AM,RH 201,Matsubara Yuko
JWST,110,51,Venice the Jews and Europe,0.5,16,M,960,1080,120,0400PM-0600PM,BH 201,Epstein Marc
JWST,150,51,Jews Christians and Muslims,1.0,30,MW,720,795,75,1200PM-0115PM,KH 217,Wesselhoeft Kirsten
JWST,222,51,Psych Perspectives/Holocaust,1.0,16,TR,780,900,120,0100PM-0300PM,NE 106,Zeifman Debra
JWST,242,51,Anti-Judaism to Anti-Semitism,1.0,20,MW,630,705,75,1030AM-1145AM,BH 201,Veto Agnes
JWST,249,51,Unlocking the Bible,1.0,20,MW,810,885,75,0130PM-0245PM,BH 029,Veto Agnes
JWST,254,51,Hundred Gospels/Life of Jesus,1.0,25,TR,910,985,75,0310PM-0425PM,KH 133,Epstein Marc
JWST,371,51,The Fishman Seminar,0.5,12,M,960,1080,120,0400PM-0600PM,BH 109,Shyovitz David
LALS,105,51,Concept Latin Latinx America,1.0,20,TR,910,985,75,0310PM-0425PM,RH 200,Holland Tracey
LALS,164,51,Enviro Hist of Latin America,1.0,25,TR,720,795,75,1200PM-0115PM,SW 101,Mendiola Daniel
LALS,214,51,Transnatl Persp on Women&Work,1.0,20,MW,720,795,75,1200PM-0115PM,KH 134,Carruyo Light
LALS,229,51,Whose Land? Land Relations,1.0,15,TR,810,885,75,0130PM-0245PM,CH 134,Madariaga Montserrat
LALS,245,51,Making Waves:Top in Fem Actvsm,1.0,20,TR,810,885,75,0130PM-0245PM,RH 301,Krell Elena
LALS,263,51,Conquest/Borderlands in C L AM,1.0,25,MW,810,885,75,0130PM-0245PM,SW 101,Mendiola Daniel
LALS,353,51,Decolonizing Digital Culture,1.0,16,W,780,900,120,0100PM-0300PM,CH 109,Woods Eva
MATH,126,51,Calculus IIA:Integration Theor,0.5,35,MWF,570,620,50,0930AM-1020AM,RH 203,Zhu Qiaofeng
MATH,126,52,Calculus IIA:Integration Theor,0.5,35,MWF,630,680,50,1030AM-1120AM,RH 203,Zhu Qiaofeng
MATH,127,51,Calculus IIB:Sequences &Series,0.5,35,MWF,570,620,50,0930AM-1020AM,RH 203,Zhu Qiaofeng
MATH,127,52,Calculus IIB:Sequences &Series,0.5,35,MWF,630,680,50,1030AM-1120AM,RH 203,Zhu Qiaofeng
MATH,141,51,Intro to Statistical Reasoning,1.0,30,MWF,630,680,50,1030AM-1120AM,RH 307,Dolansky Barbara
MATH,220,51,Multivariable Calculus,1.0,33,MWF,630,680,50,1030AM-1120AM,RH 310,Frank Natalie
MATH,220,52,Multivariable Calculus,1.0,33,MWF,570,620,50,0930AM-1020AM,RH 310,Frank Natalie
MATH,220,53,Multivariable Calculus,1.0,33,MWF,810,860,50,0130PM-0220PM,RH 203,Zhu Qiaofeng
MATH,221,51,Linear Algebra,1.0,30,MWF,810,860,50,0130PM-0220PM,RH 310,Borum Andy
MATH,221,52,Linear Algebra,1.0,30,MWF,630,680,50,1030AM-1120AM,RH 312,Lowrance Lisa
MATH,221,53,Linear Algebra,1.0,30,MWF,570,620,50,0930AM-1020AM,RH 312,Lowrance Lisa
MATH,228,51,Methods of Applied Math,1.0,30,MWF,630,680,50,1030AM-1120AM,RH 300,Morin Benjamin
MATH,228,52,Methods of Applied Math,1.0,30,MWF,720,770,50,1200PM-1250PM,RH 300,Morin Benjamin
MATH,241,51,Probability,1.0,30,MWF,570,620,50,0930AM-1020AM,RH 210,Kennedy-Shaffer Lee
MATH,241,52,Probability,1.0,30,MWF,720,770,50,1200PM-1250PM,RH 210,Kennedy-Shaffer Lee
MATH,242,51,Applied Statistical Modeling,1.0,20,WF,810,885,75,0130PM-0245PM,RH 304,An Ming-Wen
MATH,242,52,Applied Statistical Modeling,1.0,25,WF,630,705,75,1030AM-1145AM,RH 210,An Ming-Wen
MATH,261,51,Intro to Number Theory,1.0,20,MWF,810,860,50,0130PM-0220PM,RH 307,McCleary John
MATH,263,51,Discrete Mathematics,1.0,20,MWF,720,770,50,1200PM-1250PM,RH 312,Lowrance Lisa
MATH,280,51,Intermediate Data Science,1.0,24,TR,720,795,75,1200PM-0115PM,SP 105,Hoellerbauer Simon
MATH,301,51,Topics in Adv Math and Stats,1.0,10,T,630,750,120,1030AM-1230PM,RH 304,An Ming-Wen
MATH,301,52,Topics in Adv Math and Stats,1.0,10,MR,910,985,75,0310PM-0425PM,RH 310,Calta Kariane
MATH,301,54,Topics in Adv Math and Stats,1.0,10,MW,720,795,75,1200PM-0115PM,RH 304,Lotto Benjamin
MATH,301,55,Topics in Adv Math and Stats,1.0,10,TR,630,705,75,1030AM-1145AM,RH 307,Lowrance Adam
MATH,301,56,Topics in Adv Math and Stats,1.0,10,MW,810,885,75,0130PM-0245PM,RH 312,Morin Benjamin
MATH,317,51,Numerical Analysis,1.0,20,TR,810,885,75,0130PM-0245PM,RH 203,Borum Andy
MATH,321,51,Real Analysis,1.0,17,TR,540,615,75,0900AM-1015AM,RH 312,Lowrance Adam
MATH,324,51,Complex Analysis,1.0,20,MWF,570,620,50,0930AM-1020AM,RH 307,Lotto Benjamin
MATH,348,51,Stat. Prin. for Research Study,1.0,20,MW,810,885,75,0130PM-0245PM,RH 210,Kennedy-Shaffer Lee
MATH,361,51,Modern Algebra I,1.0,17,MWF,720,770,50,1200PM-1250PM,RH 310,Calta Kariane
MEDS,160,51,Approaches to Media Studies,1.0,25,TR,810,885,75,0130PM-0245PM,RH 210,Bren Paulina
MEDS,160,52,Approaches to Media Studies,1.0,25,TR,630,705,75,1030AM-1145AM,RH 312,Greenwood Dara
MEDS,222,51,Digital Art,1.0,12,TR,910,1030,120,0310PM-0510PM,NH 103,Case-Leal James
MEDS,248,51,The Book in America,1.0,12,MW,810,885,75,0130PM-0245PM,LI 88,Patkus Ronald
MEDS,250,51,Exploratory Media Practices,1.0,15,TR,780,900,120,0100PM-0300PM,OLB 205,Kupfer Alexander
MEDS,260,51,Media Theory,1.0,25,MW,630,705,75,1030AM-1145AM,DF 308,Watter Seth
MEDS,268,51,After 1968,1.0,34,MW,810,885,75,0130PM-0245PM,T 203,Nesbit Molly
MEDS,280,51,Physics in the Media,1.0,12,TR,630,705,75,1030AM-1145AM,SP 201,Magnes Jenny
MEDS,283,51,Of States and Their Terrorists,1.0,20,MR,910,985,75,0310PM-0425PM,CH 102,Mayer Anna
MEDS,322,51,Digital Art,1.0,12,TR,1050,1170,120,0530PM-0730PM,NH 103,Case-Leal James
MEDS,353,51,Decolonizing Digital Culture,1.0,16,W,780,900,120,0100PM-0300PM,CH 109,Woods Eva
MEDS,371,51,Fake News,1.0,15,T,910,1030,120,0310PM-0510PM,BH 242,Andrews John
MRST,221,51,Medieval Science & Technology,1.0,30,MW,630,705,75,1030AM-1145AM,KH 217,Smart Christopher
MRST,250,51,Whose Middle Ages?,0.5,8,T,630,705,75,1030AM-1145AM,RH 308,Dozier Curtis
MUSI,101,51,Fundamentals of Music,1.0,25,MW,810,885,75,0130PM-0245PM,SH 400,Jordon-Conlin Tamyka
MUSI,106,51,Music Theory II,1.0,20,F,810,860,50,0130PM-0220PM,SH 303,Fuller Jonathan
MUSI,106,52,Music Theory II,1.0,20,F,630,680,50,1030AM-1120AM,SH 303,Fuller Jonathan
MUSI,139,51,Jazz Combo Ensemble,0.5,999,R,1110,1185,75,0630PM-0745PM,SH 421,Osborn James
MUSI,139,52,Jazz Combo Ensemble,0.5,999,R,1200,1275,75,0800PM-0915PM,SH 421,Osborn James
MUSI,149,51,Wind Ensemble,0.5,999,T,1140,1260,120,0700PM-0900PM,SH RH,Osborn James
MUSI,151,51,Jazz Ensemble,0.5,999,M,1140,1260,120,0700PM-0900PM,SH RH,Osborn James
MUSI,153,51,Orchestra,0.5,999,UW,1140,1260,120,0700PM-0900PM,SH RH,Navega Eduardo
MUSI,155,51,Women's Chorus,0.5,999,T,1035,1125,90,0515PM-0645PM,CP CHPL,Howlett Christine
MUSI,157,51,Choir,0.5,999,W,1020,1110,90,0500PM-0630PM,CP CHPL,Howlett Christine
MUSI,159,51,Chamber Singers,0.5,999,M,1035,1125,90,0515PM-0645PM,SH RH,Minter Drew
MUSI,208,51,Musicianship Skills II,0.5,15,TR,540,615,75,0900AM-1015AM,SH 303,Navega Eduardo
MUSI,209,51,Jane Austen and Music,0.5,20,TR,810,885,75,0130PM-0245PM,SH LC,Libin Kathryn
MUSI,210,51,Afrofuturism,1.0,25,TR,630,705,75,1030AM-1145AM,SH 400,Jordon-Conlin Tamyka
MUSI,216,51,Composition II,1.0,15,TR,720,795,75,1200PM-0115PM,SH LC,Andersen Drake
MUSI,220,51,Electronic Music,1.0,12,TR,910,985,75,0310PM-0425PM,SH 326,Andersen Drake
MUSI,233,51,Sounds of Faith: Choral Music,0.5,20,TR,810,885,75,0130PM-0245PM,SH LC,Libin Kathryn
MUSI,247,51,Music and Ideas II,1.0,15,MW,630,705,75,1030AM-1145AM,SH 303,Libin Kathryn
MUSI,254,51,Opera Workshop,0.5,999,F,900,1080,180,0300PM-0600PM,SH RH,Minter Drew
MUSI,256,51,Vassar Music Treasures,1.0,5,W,780,900,120,0100PM-0300PM,SH 308,Libin Kathryn
MUSI,320,51,Pop/Rock Music,1.0,15,TR,810,885,75,0130PM-0245PM,SH 400,Motazedian Tahirih
NEUR,105,51,Intro:Neuroscience & Behavior,1.0,25,MW,810,885,75,0130PM-0245PM,OH 273,Zupan Bojana
NEUR,229,51,Rsch Meth Learning & Behavior,1.0,6,M,810,1050,240,0130PM-0530PM,OH B55,Cleaveland J. Mark
NEUR,229,52,Rsch Meth Learning & Behavior,1.0,6,T,810,1050,240,0130PM-0530PM,OH B55,Cleaveland J. Mark
NEUR,241,51,Prin Physiological Psychology,1.0,25,MW,720,795,75,1200PM-0115PM,RH 200,Bergstrom Hadley
NEUR,249,51,Rsch Meth Physiological Psych,1.0,6,M,810,1050,240,0130PM-0530PM,OH B51,Newman Lori
NEUR,249,52,Rsch Meth Physiological Psych,1.0,6,T,810,1050,240,0130PM-0530PM,OH B51,Newman Lori
NEUR,301,51,Sem Neuroscience and Behavior,1.0,17,MW,720,795,75,1200PM-0115PM,NE 106,Gall Megan
PHED,105,51,Foundations of Wellness,0.5,16,TR,540,615,75,0900AM-1015AM,WA 231,McCowan James
PHED,121,51,Bowling,0.5,11,MW,720,795,75,1200PM-0115PM,AFC ATRIUM,Wells Peter
PHED,125,52,Beginning Golf I,0.5,10,MW,810,885,75,0130PM-0245PM,WA BAY5,Monaco Lisa
PHED,126,52,Beginning Golf II,0.5,2,MW,810,885,75,0130PM-0245PM,WA BAY5,Monaco Lisa
PHED,130,51,Beginning Badminton,0.5,16,TR,810,885,75,0130PM-0245PM,WA BAY5,Warari Michael
PHED,142,51,Fencing Fundamentals,0.5,12,MWF,720,770,50,1200PM-1250PM,WA BAY5,Hite David
PHED,151,51,Beginning Swimming II,0.5,9,MW,630,705,75,1030AM-1145AM,WA POOL_AL,Brown Anthony
PHED,190,51,Fundamental/Conditioning,0.5,14,TR,720,795,75,1200PM-0115PM,AFC 107,McDermott Tina
PHED,190,52,Fundamental/Conditioning,0.5,14,TR,630,705,75,1030AM-1145AM,AFC 107,Mee Ryan
PHED,191,51,Beginning Squash I,0.5,10,TR,810,885,75,0130PM-0245PM,KH SQUASH1,Ames David
PHED,192,51,Beginning Squash II,0.5,2,TR,810,885,75,0130PM-0245PM,KH SQUASH2,Ames David
PHED,193,51,Beginning Tennis,0.5,14,TR,720,795,75,1200PM-0115PM,WA BAY_ALL,Perry Martin
PHED,210,51,Nutrition and Exercise,1.0,16,TR,630,705,75,1030AM-1145AM,WA 231,Finerghty Judy
PHED,230,51,Intermediate Badminton,0.5,14,TR,910,985,75,0310PM-0425PM,WA BAY5,Warari Michael
PHIL,101,51,History/Western Phil:Ancient,1.0,30,MW,630,705,75,1030AM-1145AM,RH 212,Raymond Christopher
PHIL,102,51,History/Western Phil:Modern,1.0,30,TR,910,985,75,0310PM-0425PM,RH 312,Pendoley Kathryn
PHIL,105,51,Mind and World,1.0,30,MW,630,705,75,1030AM-1145AM,RH 112,Ortiz-Hinojosa Sofia
PHIL,105,52,Life and Death,1.0,30,TR,995,1070,75,0435PM-0550PM,RH 201,Moss Matt
PHIL,106,51,Philosophy & Technology,1.0,30,MW,720,795,75,1200PM-0115PM,KH 216,Kelly Jamie
PHIL,106,52,Love and Sex,1.0,30,TR,910,985,75,0310PM-0425PM,RH 203,Harrison Rebecca
PHIL,205,51,19th Century European Phil,1.0,25,MW,810,885,75,0130PM-0245PM,RH 212,Raymond Christopher
PHIL,220,51,Metaphysics,1.0,25,TR,810,885,75,0130PM-0245PM,RH 310,Moss Matt
PHIL,222,51,Philosophy of Language,1.0,25,TR,630,705,75,1030AM-1145AM,RH 310,Moss Matt
PHIL,224,51,Philosophy of Mind,1.0,25,TR,720,795,75,1200PM-0115PM,RH 210,Pendoley Kathryn
PHIL,234,51,Ethics,1.0,25,TR,630,705,75,1030AM-1145AM,RH 104,Seidman Jeffrey
PHIL,240,51,Phil/Art & Aesthetics,1.0,25,WF,630,705,75,1030AM-1145AM,RH 201,Nemli Osman
PHIL,285,51,Merleau-Ponty,1.0,25,TR,720,795,75,1200PM-0115PM,RH 104,Harrison Rebecca
PHIL,320,51,Plato's Republic,1.0,12,F,600,780,180,1000AM-0100PM,RH 212,Raymond Christopher
PHIL,330,51,Examining Effective Altruism,1.0,12,R,910,1090,180,0310PM-0610PM,RH 104,Seidman Jeffrey
PHIL,340,51,Dialectics and Deconstruction,1.0,12,R,1140,1320,180,0700PM-1000PM,RH 112,Nemli Osman
PHIL,391,51,Senior Thesis,0.5,7,M,1140,1260,120,0700PM-0900PM,RH 308,Nemli Osman
PHIL,394,51,Philosophy of Mental Illness,0.5,8,M,910,1090,180,0310PM-0610PM,RH 308,Ortiz-Hinojosa Sofia
PHIL,395,51,Reading Kant,1.0,8,T,910,1090,180,0310PM-0610PM,OB 211,Kelly Jamie
PHYS,112,51,Introducton to Physics II/Lab,1.0,18,M,1140,1320,180,0700PM-1000PM,SP 205,Rishell David
PHYS,112,52,Introducton to Physics II/Lab,1.0,18,R,910,1090,180,0310PM-0610PM,SP 205,Rishell David
PHYS,112,53,Introducton to Physics II/Lab,1.0,18,R,1140,1320,180,0700PM-1000PM,SP 205,Rishell David
PHYS,112,54,Introducton to Physics II/Lab,1.0,18,F,720,900,180,1200PM-0300PM,SP 205,Rishell David
PHYS,114,51,Fundamentals of Physics II/Lab,1.0,18,T,910,1090,180,0310PM-0610PM,SP 205,Alvarado Carlos
PHYS,114,52,Fundamentals of Physics II/Lab,1.0,18,M,910,1090,180,0310PM-0610PM,SP 205,Rishell David
PHYS,114,53,Fundamentals of Physics II/Lab,1.0,18,MWF,630,680,50,1030AM-1120AM,SP 201,Faul Ulrich
PHYS,202,51,Intro to Experimental Physics,0.5,12,TR,540,720,180,0900AM-1200PM,SP CLL,Zhang Susannah
PHYS,202,52,Intro to Experimental Physics,0.5,12,TR,810,990,180,0130PM-0430PM,SP CLL,Zhang Susannah
PHYS,203,51,Experimental Physics II,0.5,12,TR,540,720,180,0900AM-1200PM,SP CLL,Zhang Susannah
PHYS,203,52,Experimental Physics II,0.5,12,TR,810,990,180,0130PM-0430PM,SP CLL,Zhang Susannah
PHYS,210,51,Classical Mechanics,1.0,10,TR,630,705,75,1030AM-1145AM,SP 206,Schwarz Cindy
PHYS,210,52,Classical Mechanics,1.0,15,TR,720,795,75,1200PM-0115PM,SP 206,Schwarz Cindy
PHYS,245,51,Intro Stat Mech Thermody,1.0,24,WF,810,885,75,0130PM-0245PM,SP 201,Alvarado Carlos
PHYS,280,51,Physics in the Media,1.0,12,TR,630,705,75,1030AM-1145AM,SP 201,Magnes Jenny
PHYS,375,51,Advanced Topics in Physics,1.0,12,TR,720,795,75,1200PM-0115PM,SP 201.1,Magnes Jenny
PHYS,375,52,Advanced Topics in Physics,1.0,12,MWF,720,770,50,1200PM-1250PM,SP 201.1,Faul Ulrich
POLI,140,51,American Politics,1.0,25,MW,810,885,75,0130PM-0245PM,RH 104,Plotkin Sidney
POLI,140,52,American Politics,1.0,25,TR,910,985,75,0310PM-0425PM,RH 301,Harris Luke
POLI,160,51,International Politics,1.0,25,TR,630,705,75,1030AM-1145AM,RH 112,Muppidi Himadeep
POLI,170,51,Political Theory,1.0,25,TR,630,705,75,1030AM-1145AM,RH 101,Whiteduck Mallory
POLI,207,51,Political Analysis,1.0,25,TR,810,885,75,0130PM-0245PM,RH 101,Born Richard
POLI,241,51,Congress,1.0,25,TR,720,795,75,1200PM-0115PM,RH 101,Born Richard
POLI,245,51,CourtsJudges&Amer Judcial Pol,1.0,25,MW,630,705,75,1030AM-1145AM,RH 101,Means Taneisha
POLI,248,51,Racial&Ethnic Grp Pol/Pop Cult,1.0,25,MW,810,885,75,0130PM-0245PM,RH 101,Means Taneisha
POLI,257,51,Genre & the Postcolonial City,1.0,20,TR,720,795,75,1200PM-0115PM,RH 301,Opondo Samson
POLI,257,52,Genre & the Postcolonial City,1.0,20,TR,910,985,75,0310PM-0425PM,RH 101,Opondo Samson
POLI,264,51,U S Foreign Policy,1.0,25,TR,630,705,75,1030AM-1145AM,RH 201,Rock Stephen
POLI,274,51,Indigenous Political Thought,1.0,25,TR,810,885,75,0130PM-0245PM,RH 104,Whiteduck Mallory
POLI,276,51,Contemporary Marxist Theories,1.0,25,TR,910,985,75,0310PM-0425PM,RH 112,Plotkin Sidney
POLI,278,51,Envi. Political Thought,1.0,25,TR,630,705,75,1030AM-1145AM,RH 210,Sagan Claire
POLI,343,51,Sem-Constitutional Thry,1.0,12,W,780,900,120,0100PM-0300PM,RH 112,Harris Luke
POLI,358,51,State Market & Development,1.0,12,T,1080,1200,120,0600PM-0800PM,RH 301,Su Fubing
POLI,363,51,Decolonizing International Rel,1.0,12,T,780,900,120,0100PM-0300PM,RH 112,Muppidi Himadeep
POLI,372,51,New Materialism,1.0,12,T,780,900,120,0100PM-0300PM,RH 212,Sagan Claire
POLI,384,51,Seminar in Political Theory,1.0,12,T,630,750,120,1030AM-1230PM,OLB 205,Davison Andrew
POLI,385,51,Disaster Displacement,1.0,12,R,780,900,120,0100PM-0300PM,BH 118,Scherrer Benjamin
POLI,386,51,Technology Security War,1.0,12,M,780,900,120,0100PM-0300PM,RH 301,Beehner Lionel
PSYC,105,51,Intro to Psych Science,1.0,25,TR,810,885,75,0130PM-0245PM,OH 273,Small Payton
PSYC,105,52,Intro to Psych Science,1.0,25,MW,540,615,75,0900AM-1015AM,OH 169,de Leeuw Nicholas
PSYC,105,53,Intro to Psych Science,1.0,25,MW,630,705,75,1030AM-1145AM,OH 169,de Leeuw Nicholas
PSYC,105,54,Intro to Psych Science,1.0,25,TR,630,705,75,1030AM-1145AM,BH 122,Baird Abigail
PSYC,200,51,Statistics & Expermtl Design,1.0,25,TR,540,615,75,0900AM-1015AM,OH 169,Clifton Allan
PSYC,200,52,Statistics & Expermtl Design,1.0,25,TR,630,705,75,1030AM-1145AM,OH 169,Clifton Allan
PSYC,200,53,Statistics & Expermtl Design,1.0,25,MW,720,795,75,1200PM-0115PM,NE 105,Andrews Jan
PSYC,201,51,Principles Social Psychology,1.0,25,MW,630,705,75,1030AM-1145AM,BH 105,Kearns Peter
PSYC,201,52,Principles Social Psychology,1.0,25,TR,910,985,75,0310PM-0425PM,NE 206,Kearns Peter
PSYC,222,51,Psych Perspectives/Holocaust,1.0,16,TR,780,900,120,0100PM-0300PM,NE 106,Zeifman Debra
PSYC,229,51,Rsch Meth Learning & Behavior,1.0,6,M,810,1050,240,0130PM-0530PM,OH B55,Cleaveland J. Mark
PSYC,229,52,Rsch Meth Learning & Behavior,1.0,6,T,810,1050,240,0130PM-0530PM,OH B55,Cleaveland J. Mark
PSYC,231,51,Principles of Development,1.0,25,TR,630,705,75,1030AM-1145AM,NE 105,Zeifman Debra
PSYC,231,52,Principles of Development,1.0,25,TR,910,985,75,0310PM-0425PM,OH 169,de Leeuw Nicholas
PSYC,241,51,Prin Physiological Psychology,1.0,25,MW,720,795,75,1200PM-0115PM,RH 200,Bergstrom Hadley
PSYC,249,51,Rsch Meth Physiological Psych,1.0,6,M,810,1050,240,0130PM-0530PM,OH B51,Newman Lori
PSYC,249,52,Rsch Meth Physiological Psych,1.0,6,T,810,1050,240,0130PM-0530PM,OH B51,Newman Lori
PSYC,253,51,Indiv Diffrnces in Personality,1.0,25,TR,810,885,75,0130PM-0245PM,NE 206,Cornelius Randolph
PSYC,259,51,Rsch Meth Persn & Indv Diffrns,1.0,12,TR,540,660,120,0900AM-1100AM,NE 106,Tugade Michele
PSYC,262,51,Princ Clin Psych/Psychopathlgy,1.0,25,TR,720,795,75,1200PM-0115PM,NE 206,Baird Abigail
PSYC,269,51,Rsrch Meth/Clin Psyc&Psychopat,1.0,12,WF,780,900,120,0100PM-0300PM,OH A62,Morrow Jannay
PSYC,274,51,Topical Applications,0.5,10,T,910,985,75,0310PM-0425PM,OH A62,Morrow Jannay
PSYC,282,51,Psyc of Happiness,1.0,16,MW,810,885,75,0130PM-0245PM,BH 201,Kearns Peter
PSYC,301,51,Seminar Social Psychology,1.0,16,M,780,900,120,0100PM-0300PM,OH A62,Small Payton
PSYC,331,51,Sem Developmental Psychology,1.0,16,T,910,1030,120,0310PM-0510PM,NE 106,Palmer Carolyn
PSYC,341,51,Sem Physiological Psychology,1.0,16,M,910,1030,120,0310PM-0510PM,NE 106,Zupan Bojana
PSYC,353,51,Sem:Indiv Diff Personality,1.0,16,W,780,900,120,0100PM-0300PM,NE 206,Cornelius Randolph
PSYC,375,51,Advanced Topical Applications,1.0,6,R,910,1030,120,0310PM-0510PM,NE 106,Palmer Carolyn
RELI,102,51,ReligMedia & Amer Pop Culture,1.0,30,TR,720,795,75,1200PM-0115PM,BH 105,White Christopher
RELI,110,51,Sage Voices from China's Past,1.0,25,WF,810,885,75,0130PM-0245PM,KH 133,Walsh Michael
RELI,150,51,Jews Christians and Muslims,1.0,30,MW,720,795,75,1200PM-0115PM,KH 217,Wesselhoeft Kirsten
RELI,182,51,Climate Change/Apocalypse,1.0,30,TR,810,885,75,0130PM-0245PM,BH 105,Yoder Klaus
RELI,200,51,Regarding Religion,1.0,20,TR,630,705,75,1030AM-1145AM,BH 201,Kahn Jonathon
RELI,242,51,Anti-Judaism to Anti-Semitism,1.0,20,MW,630,705,75,1030AM-1145AM,BH 201,Veto Agnes
RELI,249,51,Unlocking the Bible,1.0,20,MW,810,885,75,0130PM-0245PM,BH 029,Veto Agnes
RELI,254,51,Hundred Gospels/Life of Jesus,1.0,25,TR,910,985,75,0310PM-0425PM,KH 133,Epstein Marc
RELI,280,51,The Devil You Know,1.0,20,TR,910,985,75,0310PM-0425PM,BH 305,Yoder Klaus
RELI,281,51,Life in a Buddhist Monastery,0.5,8,F,630,750,120,1030AM-1230PM,KH 217,Walsh Michael
RELI,330,51,Bosch's Garden Earthly Delight,1.0,12,T,1110,1230,120,0630PM-0830PM,BH AUD,Epstein Marc
RELI,355,51,Politics of Sacred Space,1.0,12,R,780,900,120,0100PM-0300PM,BH 201,Walsh Michael
RELI,386,51,Race/Religion/Nation/America,1.0,12,T,910,1030,120,0310PM-0510PM,BH 201,Le David
RUSS,106,51,Elementary Russian,1.0,18,MTWR,630,680,50,1030AM-1120AM,CH 118,Garrity Natalia
RUSS,106,52,Elementary Russian,1.0,18,MTWR,630,680,50,1030AM-1120AM,CH 116,Arndt III Charles
RUSS,107,51,Intensive Introductory Russian,2.0,18,MTWRF,720,795,75,1200PM-0115PM,CH 126,Garrity Natalia
RUSS,152,51,The Russian Modernists in Eng,1.0,18,TR,910,985,75,0310PM-0425PM,CH 118,Tcherkassova Farida
RUSS,154,51,Cinema/A. Tarkovsky (in Eng),0.5,30,TR,720,795,75,1200PM-0115PM,RH 300,Ungurianu Dan
RUSS,156,51,Cinema/S. Eisenstein (in Eng),0.5,30,TR,720,795,75,1200PM-0115PM,RH 300,Ungurianu Dan
RUSS,168,51,Vampires Monks & Holy Fools,1.0,35,TR,810,885,75,0130PM-0245PM,RH 200,Arndt III Charles
RUSS,173,51,Women in Russian Arts(in Engl),1.0,25,MW,810,885,75,0130PM-0245PM,CH 118,Tcherkassova Farida
RUSS,211,51,Intermediate Russian,1.0,18,MWF,720,795,75,1200PM-0115PM,CH 118,Tcherkassova Farida
RUSS,252,51,The Russian Modernists(in Eng),1.0,18,TR,910,985,75,0310PM-0425PM,CH 118,Tcherkassova Farida
RUSS,332,51,Advanced Russian,1.0,10,TR,810,885,75,0130PM-0245PM,CH 116,Ungurianu Dan
RUSS,371,51,Seminar on Russian Culture,1.0,10,M,910,1090,180,0310PM-0610PM,CH 118,Arndt III Charles
SOCI,151,51,Intro to Soc:Race Class Gender,1.0,25,TR,810,885,75,0130PM-0245PM,KH 132,Carruyo Light
SOCI,151,53,Intro to Soc:Privilege & Power,1.0,25,TR,630,705,75,1030AM-1145AM,BH 105,Tan Catherine
SOCI,151,54,Intro Soc: Voices from Margins,1.0,25,TR,910,985,75,0310PM-0425PM,BH 105,Harriford Diane
SOCI,151,55,Intro Soc:Global&Transnational,1.0,25,TR,630,705,75,1030AM-1145AM,BH 029,Moon Seungsook
SOCI,185,51,Latina Writers/Sociol Imagin,0.5,8,M,960,1035,75,0400PM-0515PM,,Carruyo Light
SOCI,214,51,Transnatl Persp on Women&Work,1.0,20,MW,720,795,75,1200PM-0115PM,KH 134,Carruyo Light
SOCI,216,51,Food Culture Globalization,1.0,20,TR,810,885,75,0130PM-0245PM,KH 131,Moon Seungsook
SOCI,220,51,Post-Human Sociology,1.0,20,MW,720,795,75,1200PM-0115PM,BH 105,Andrews John
SOCI,232,51,Accessing the Ivory Tower,1.0,20,TR,630,705,75,1030AM-1145AM,BH 305,Rueda Erendira
SOCI,237,51,Urban Sociology,1.0,20,MW,810,885,75,0130PM-0245PM,BH 305,Nevarez Leonard
SOCI,241,51,Systemic Racism,1.0,20,TR,540,615,75,0900AM-1015AM,KH 217,Thompson-Miller Ruth
SOCI,254,51,Research Methods,1.0,20,TR,720,795,75,1200PM-0115PM,BH 305,Coplin Abigail
SOCI,255,51,Medical Sociology,1.0,20,TR,810,885,75,0130PM-0245PM,KH 133,Tan Catherine
SOCI,347,51,Asian Sociotechnical Imaginari,1.0,15,W,780,900,120,0100PM-0300PM,RH 201,Coplin Abigail
SOCI,365,51,Class Culture and Power,1.0,15,M,910,1030,120,0310PM-0510PM,RH 203,Hoynes William
SOCI,371,51,Fake News,1.0,15,T,910,1030,120,0310PM-0510PM,BH 242,Andrews John
STS,106,51,Philosophy & Technology,1.0,30,MW,720,795,75,1200PM-0115PM,KH 216,Kelly Jamie
STS,151,51,Emercency Medic Training,0.5,25,MR,1110,1290,180,0630PM-0930PM,SC 212,Kohler Kelly
STS,220,51,Health Economics,1.0,20,MW,540,615,75,0900AM-1015AM,BH 122,Atwood Alicia
STS,220,52,Health Economics,1.0,20,MW,630,705,75,1030AM-1145AM,BH 122,Atwood Alicia
STS,221,51,Medieval Science & Technology,1.0,30,MW,630,705,75,1030AM-1145AM,KH 217,Smart Christopher
STS,236,51,Digital Lives,1.0,18,TR,720,795,75,1200PM-0115PM,OH 169,Mehra Anurag
STS,247,51,Albert Einstein,1.0,20,WF,720,795,75,1200PM-0115PM,SP 201,Perillan Jose
STS,255,51,Medical Sociology,1.0,20,TR,810,885,75,0130PM-0245PM,KH 133,Tan Catherine
STS,267,51,Envir. & Natural Resource Econ,1.0,20,TR,540,615,75,0900AM-1015AM,KH 133,Kennett David
STS,267,52,Envir. & Natural Resource Econ,1.0,20,TR,630,705,75,1030AM-1145AM,KH 133,Kennett David
STS,278,51,Envi. Political Thought,1.0,25,TR,630,705,75,1030AM-1145AM,RH 210,Sagan Claire
STS,301,51,Senior Seminar,0.5,6,R,720,795,75,1200PM-0115PM,SP 303,Perillan Jose
STS,301,52,Senior Seminar,0.5,5,R,780,900,120,0100PM-0300PM,RH 308,Sagan Claire
STS,301,53,Senior Seminar,0.5,6,W,810,885,75,0130PM-0245PM,OB 211,White Christopher
STS,307,51,Adv. Topic Health Econ Policy,1.0,11,M,780,900,120,0100PM-0300PM,BH 242,Atwood Alicia
STS,347,51,Asian Sociotechnical Imaginari,1.0,15,W,780,900,120,0100PM-0300PM,RH 201,Coplin Abigail
STS,355,51,Rethinking Invasive Species,1.0,12,T,780,900,120,0100PM-0300PM,RH 307,Schniedewind Daniel
URBS,100,51,Intro to Urban Studies,1.0,25,TR,720,795,75,1200PM-0115PM,RH 312,Koechlin Timothy
URBS,144,51,Living in the Ancient City,0.5,25,TR,810,885,75,0130PM-0245PM,T 203,D'Ambra Eve
URBS,200,51,Urban Theory,1.0,22,TR,910,985,75,0310PM-0425PM,EH 200,Godfrey Brian
URBS,225,51,Renaissance Italy,1.0,25,MW,810,885,75,0130PM-0245PM,SW 201,Bisaha Nancy
URBS,237,51,Urban Sociology,1.0,20,MW,810,885,75,0130PM-0245PM,BH 305,Nevarez Leonard
URBS,245,51,Ethnographer's Craft,1.0,25,TR,720,795,75,1200PM-0115PM,BH 309,Chatarpal Mark
URBS,255,51,Race/Repres/Resist US Schools,1.0,25,TR,630,705,75,1030AM-1145AM,DF 309,Williams Brown Kimberly
URBS,257,51,Genre & the Postcolonial City,1.0,20,TR,720,795,75,1200PM-0115PM,RH 301,Opondo Samson
URBS,257,52,Genre & the Postcolonial City,1.0,20,TR,910,985,75,0310PM-0425PM,RH 101,Opondo Samson
URBS,268,51,After 1968,1.0,34,MW,810,885,75,0130PM-0245PM,T 203,Nesbit Molly
URBS,272,51,Modernity's Global Story/Arch,1.0,35,WF,630,705,75,1030AM-1145AM,T 206,Valle Luisa
URBS,274,51,Buildings & Cities Early Italy,1.0,25,TR,810,885,75,0130PM-0245PM,T 206,Elet Yvonne
URBS,276,51,Architectural Design II,1.0,24,WF,720,840,120,1200PM-0200PM,NH 103,Armborst Tobias
URBS,282,51,American Landscapes,1.0,25,TR,720,795,75,1200PM-0115PM,RH 203,Elrick John
URBS,288,51,Planning History and Thought,1.0,25,MW,720,795,75,1200PM-0115PM,EH 200,Elrick John
URBS,303,51,Preserving Whose City?,1.0,15,F,780,960,180,0100PM-0400PM,EH 104,Godfrey Brian
URBS,305,51,Sculpture II: Space and Place,1.0,12,TR,780,900,120,0100PM-0300PM,DS 205,Hall Gordon
URBS,387,51,American Cityscapes,1.0,12,T,630,750,120,1030AM-1230PM,T 205,Valle Luisa
WFQS,130,51,Intro Women Studies,1.0,30,TR,810,885,75,0130PM-0245PM,EH 200,Gemmill Katie
WFQS,130,52,Intro Women Studies,1.0,20,TR,630,705,75,1030AM-1145AM,KH 216,Krell Elena
WFQS,130,53,Intro Women Studies,1.0,20,TR,910,985,75,0310PM-0425PM,KH 216,Krell Elena
WFQS,201,51,Introduction to Queer Studies,1.0,21,MW,630,705,75,1030AM-1145AM,KH 216,Carter Kristin
WFQS,206,51,Gender Issues in Economics,1.0,20,MW,630,705,75,1030AM-1145AM,KH 133,Pearlman Sarah
WFQS,214,51,Transnatl Persp on Women&Work,1.0,20,MW,720,795,75,1200PM-0115PM,KH 134,Carruyo Light
WFQS,218,51,Literature Gender and Sexual,1.0,22,TR,720,795,75,1200PM-0115PM,SC 111,Kane Jean
WFQS,221,51,Captiv Gend/Methds of Survival,1.0,20,TR,910,985,75,0310PM-0425PM,OLB 205,Syedullah Jasmine
WFQS,237,51,Gender & Sexuality/African Ame,1.0,25,TR,720,795,75,1200PM-0115PM,SW 201,Puglisi Allison
WFQS,241,51,Topics/Construction of Gender,1.0,20,MW,810,885,75,0130PM-0245PM,KH 132,Carter Kristin
WFQS,245,51,Making Waves:Top in Fem Actvsm,1.0,20,TR,810,885,75,0130PM-0245PM,RH 301,Krell Elena
WFQS,284,51,Gender and Environmentalism,1.0,20,TR,720,795,75,1200PM-0115PM,SC 013,Maticic Del
WFQS,288,51,Women and/in Cinema (in Engl),1.0,20,MW,810,885,75,0130PM-0245PM,CH 102,Swamy Vinay
WFQS,320,51,Adaptations: Studies in Lit Tr,1.0,15,W,660,780,120,1100AM-0100PM,SC 111,Kane Jean
WFQS,355,51,Childhood/Childrn 19C Britain,1.0,12,R,910,1030,120,0310PM-0510PM,SW 201,Murdoch Lydia
WFQS,366,51,Art and Activism in the U.S.,1.0,12,R,910,1030,120,0310PM-0510PM,T AL4,Collins Lisa
WFQS,372,51,New Materialism,1.0,12,T,780,900,120,0100PM-0300PM,RH 212,Sagan Claire
WFQS,375,51,Seminar in Women's Studies,1.0,15,M,910,1030,120,0310PM-0510PM,CH LL104,Dunn Leslie
WFQS,381,51,How Queer is That?,1.0,17,W,780,900,120,0100PM-0300PM,OLB 205,Perez Hiram
